tempo_s,posicao_cm,velocidade_cms,x_ref_cm,e_int,u_K
51.369,2.9314,-1.2474,0.0000,-0.1466,15.0000
51.419,2.9938,1.2474,0.0000,-0.2963,15.0000
51.469,2.9314,-1.2474,0.0000,-0.4428,15.0000
51.519,3.0562,2.4948,0.0000,-0.5956,15.0000
51.569,3.0562,0.0000,0.0000,-0.7484,15.0000
51.619,3.0562,0.0000,0.0000,-0.9013,15.0000
51.669,2.9314,-2.4948,0.0000,-1.0478,15.0000
51.719,2.9938,1.2474,0.0000,-1.1975,15.0000
51.769,2.8691,-2.4948,0.0000,-1.3410,15.0000
51.819,2.9314,1.2474,0.0000,-1.4875,15.0000
51.869,2.9314,0.0000,0.0000,-1.6341,15.0000
51.919,3.1185,3.7422,0.0000,-1.7900,15.0000
51.969,3.0562,-1.2474,0.0000,-1.9428,15.0000
52.019,2.8067,-4.9896,0.0000,-2.0832,15.0000
52.069,2.9938,3.7422,0.0000,-2.2329,15.0000
52.119,3.4304,8.7318,0.0000,-2.4044,15.0000
52.169,3.7422,6.2370,0.0000,-2.5915,15.0000
52.219,4.1165,7.4844,0.0000,-2.7973,15.0000
52.269,4.3036,3.7422,0.0000,-3.0125,15.0000
52.319,4.7402,8.7318,0.0000,-3.2495,15.0000
52.369,5.1144,7.4844,0.0000,-3.5052,15.0000
52.419,5.3639,4.9896,0.0000,-3.7734,15.0000
52.469,5.8628,9.9792,0.0000,-4.0666,15.0000
52.519,6.1747,6.2370,0.0000,-4.3753,15.0000
52.569,7.2350,21.2058,0.0000,-4.7371,15.0000
52.619,7.7339,9.9792,0.0000,-5.1238,15.0000
52.669,8.3576,12.4740,0.0000,-5.5416,15.0000
52.719,8.9813,12.4740,0.0000,-5.9907,15.0000
52.769,9.6050,12.4740,0.0000,-6.4710,15.0000
52.819,10.4158,16.2162,0.0000,-6.9917,15.0000
52.869,10.9148,9.9792,0.0000,-7.5375,15.0000
52.919,11.7256,16.2162,0.0000,-8.1238,15.0000
52.969,12.1622,8.7318,0.0000,-8.7319,15.0000
53.019,13.1601,19.9584,0.0000,-9.3899,15.0000
53.069,13.9709,16.2162,0.0000,-10.0884,15.0000
53.119,14.9688,19.9584,0.0000,-10.8369,15.0000
53.169,16.0291,21.2058,0.0000,-11.6383,15.0000
53.219,16.1539,2.4948,0.0000,-12.4460,15.0000
53.269,17.5884,28.6902,0.0000,-13.3254,15.0000
53.319,18.3992,16.2162,0.0000,-14.2454,15.0000
53.369,18.8982,9.9792,0.0000,-15.1903,15.0000
53.419,20.5198,32.4324,0.0000,-16.2163,15.0000
53.469,21.4553,18.7110,0.0000,-17.2891,15.0000
53.519,22.2038,14.9688,0.0000,-18.3992,15.0000
53.569,23.2017,19.9584,0.0000,-19.5593,15.0000
53.619,23.2641,1.2474,0.0000,-20.7225,15.0000
53.669,23.4512,3.7422,0.0000,-21.8951,15.0000
53.719,23.8878,8.7318,0.0000,-23.0895,15.0000
53.769,23.8878,0.0000,0.0000,-24.2839,15.0000
53.819,23.8878,0.0000,0.0000,-25.4783,15.0000
53.869,22.0790,-36.1746,15.0000,-0.3540,15.0000
53.919,22.0790,0.0000,15.0000,-0.7079,15.0000
53.969,22.0790,0.0000,15.0000,-1.0619,15.0000
54.019,22.0790,0.0000,15.0000,-1.4158,15.0000
54.069,21.0187,-21.2057,15.0000,-1.7167,15.0000
54.119,19.9584,-21.2058,15.0000,-1.9647,15.0000
54.169,18.8358,-22.4532,15.0000,-2.1564,15.0000
54.219,18.5239,-6.2370,15.0000,-2.3326,15.0000
54.269,18.2121,-6.2370,15.0000,-2.4932,15.0000
54.319,18.4616,4.9896,15.0000,-2.6663,15.0000
54.369,17.7755,-13.7214,15.0000,-2.8051,15.0000
54.419,17.0271,-14.9688,15.0000,-2.9065,15.0000
54.469,16.9647,-1.2474,15.0000,-3.0047,15.0000
54.519,16.9647,0.0000,15.0000,-3.1029,15.0000
54.569,16.0291,-18.7110,15.0000,-3.1544,15.0000
54.619,15.2807,-14.9688,15.0000,-3.1684,15.0000
54.669,15.4054,2.4948,15.0000,-3.1887,15.0000
54.719,14.9065,-9.9792,15.0000,-3.1840,15.0000
54.769,14.4075,-9.9792,15.0000,-3.1544,15.0000
54.819,14.2204,-3.7422,15.0000,-3.1154,15.0000
54.869,14.2828,1.2474,15.0000,-3.0795,15.0000
54.919,14.0333,-4.9896,15.0000,-3.0312,15.0000
54.969,13.7214,-6.2370,15.0000,-2.9673,15.0000
55.019,13.7214,0.0000,15.0000,-2.9033,15.0000
55.069,13.4096,-6.2370,15.0000,-2.8238,15.0000
55.119,13.2849,-2.4948,15.0000,-2.7381,15.0000
55.169,13.2849,0.0000,15.0000,-2.6523,15.0000
55.219,13.2225,-1.2474,15.0000,-2.5634,15.0000
55.269,13.2849,1.2474,15.0000,-2.4777,15.0000
55.319,13.2225,-1.2474,15.0000,-2.3888,15.0000
55.369,13.4096,3.7422,15.0000,-2.3093,15.0000
55.419,13.0354,-7.4844,15.0000,-2.2111,15.0000
55.469,13.3472,6.2370,15.0000,-2.1284,15.0000
55.519,13.1601,-3.7422,15.0000,-2.0364,15.0000
55.569,13.2849,2.4948,15.0000,-1.9507,15.0000
55.619,13.2225,-1.2474,15.0000,-1.8618,15.0000
55.669,13.4096,3.7422,15.0000,-1.7823,15.0000
55.719,13.5343,2.4948,15.0000,-1.7090,15.0000
55.769,14.0333,9.9792,15.0000,-1.6607,15.0000
55.819,14.0333,0.0000,15.0000,-1.6123,15.0000
55.869,13.9086,-2.4948,15.0000,-1.5578,15.0000
55.919,14.5946,13.7214,15.0000,-1.5375,15.0000
55.969,14.2828,-6.2370,15.0000,-1.5016,15.0000
56.019,14.5946,6.2370,15.0000,-1.4814,15.0000
56.069,14.3451,-4.9896,15.0000,-1.4486,15.0000
56.119,14.9688,12.4740,15.0000,-1.4470,15.0000
56.169,15.0312,1.2474,15.0000,-1.4486,15.0000
56.219,15.2183,3.7422,15.0000,-1.4595,15.0000
56.269,15.2807,1.2474,15.0000,-1.4736,15.0000
56.319,15.5925,6.2370,15.0000,-1.5032,15.0000
56.369,15.4054,-3.7422,15.0000,-1.5235,15.0000
56.419,16.4034,19.9584,15.0000,-1.5936,15.0000
56.469,15.8420,-11.2266,15.0000,-1.6357,15.0000
56.519,16.1539,6.2370,15.0000,-1.6934,15.0000
56.569,16.5281,7.4844,15.0000,-1.7698,15.0000
56.619,16.9647,8.7318,15.0000,-1.8681,15.0000
56.669,16.9023,-1.2474,15.0000,-1.9632,15.0000
56.719,17.2142,6.2370,15.0000,-2.0739,15.0000
56.769,17.9002,13.7214,15.0000,-2.2189,15.0000
56.819,17.5884,-6.2370,15.0000,-2.3483,15.0000
56.869,17.5260,-1.2474,15.0000,-2.4746,15.0000
56.919,17.6508,2.4948,15.0000,-2.6072,15.0000
56.969,17.9002,4.9896,15.0000,-2.7522,15.0000
57.019,18.7110,16.2162,15.0000,-2.9377,15.0000
57.069,18.5239,-3.7422,15.0000,-3.1139,15.0000
57.119,18.4616,-1.2474,15.0000,-3.2870,15.0000
57.169,18.5239,1.2474,15.0000,-3.4632,15.0000
57.219,18.7734,4.9896,15.0000,-3.6519,15.0000
57.269,19.5219,14.9688,15.0000,-3.8780,15.0000
57.319,18.7734,-14.9688,15.0000,-4.0666,15.0000
57.369,18.5239,-4.9896,15.0000,-4.2428,15.0000
57.419,19.2100,13.7214,15.0000,-4.4533,15.0000
57.469,18.8982,-6.2370,15.0000,-4.6482,15.0000
57.519,18.6487,-4.9896,15.0000,-4.8307,15.0000
57.569,18.3368,-6.2370,15.0000,-4.9975,15.0000
57.619,18.8982,11.2266,15.0000,-5.1924,15.0000
57.669,18.2121,-13.7214,15.0000,-5.3530,15.0000
57.719,18.8358,12.4740,15.0000,-5.5448,15.0000
57.769,18.5239,-6.2370,15.0000,-5.7210,15.0000
57.819,17.8379,-13.7214,15.0000,-5.8629,15.0000
57.869,18.2121,7.4844,15.0000,-6.0235,15.0000
57.919,18.2745,1.2474,15.0000,-6.1872,15.0000
57.969,18.2121,-1.2474,15.0000,-6.3478,15.0000
58.019,17.7755,-8.7318,15.0000,-6.4866,15.0000
58.069,18.1497,7.4844,15.0000,-6.6441,15.0000
58.119,17.7131,-8.7318,15.0000,-6.7797,15.0000
58.169,17.7131,0.0000,15.0000,-6.9154,15.0000
58.219,18.1497,8.7318,15.0000,-7.0729,15.0000
58.269,18.1497,0.0000,15.0000,-7.2304,15.0000
58.319,17.6508,-9.9792,15.0000,-7.3629,15.0000
58.369,17.3389,-6.2370,15.0000,-7.4799,15.0000
58.419,16.8399,-9.9792,15.0000,-7.5719,15.0000
58.469,16.6528,-3.7422,15.0000,-7.6545,15.0000
58.519,16.4034,-4.9896,15.0000,-7.7247,15.0000
58.569,16.9647,11.2266,15.0000,-7.8229,15.0000
58.619,16.5905,-7.4844,15.0000,-7.9024,15.0000
58.669,16.7152,2.4948,15.0000,-7.9882,15.0000
58.719,16.0915,-12.4740,15.0000,-8.0428,15.0000
58.769,16.0291,-1.2474,15.0000,-8.0942,15.0000
58.819,16.0291,0.0000,15.0000,-8.1457,15.0000
58.869,16.0291,0.0000,15.0000,-8.1971,15.0000
58.919,16.1539,2.4948,15.0000,-8.2548,15.0000
58.969,16.0291,-2.4948,15.0000,-8.3063,15.0000
59.019,15.5925,-8.7318,15.0000,-8.3359,15.0000
59.069,15.7173,2.4948,15.0000,-8.3718,15.0000
59.119,15.7173,0.0000,15.0000,-8.4076,15.0000
59.169,15.7173,0.0000,15.0000,-8.4435,15.0000
59.219,15.4054,-6.2370,15.0000,-8.4638,15.0000
59.269,15.2183,-3.7422,15.0000,-8.4747,15.0000
59.319,15.3431,2.4948,15.0000,-8.4918,15.0000
59.369,15.2183,-2.4948,15.0000,-8.5027,15.0000
59.419,15.2183,0.0000,15.0000,-8.5137,15.0000
59.469,15.4054,3.7422,15.0000,-8.5339,15.0000
59.519,15.4054,0.0000,15.0000,-8.5542,15.0000
59.569,15.6549,4.9896,15.0000,-8.5869,15.0000
59.619,15.3431,-6.2370,15.0000,-8.6041,15.0000
59.669,15.2807,-1.2474,15.0000,-8.6181,15.0000
59.719,15.7173,8.7318,15.0000,-8.6540,15.0000
59.769,15.5925,-2.4948,15.0000,-8.6836,15.0000
59.819,15.0936,-9.9792,15.0000,-8.6883,15.0000
59.869,15.2807,3.7422,15.0000,-8.7023,15.0000
59.919,15.9044,12.4740,15.0000,-8.7476,15.0000
59.969,15.8420,-1.2474,15.0000,-8.7897,15.0000
60.019,15.5302,-6.2370,15.0000,-8.8162,15.0000
60.069,16.0915,11.2266,15.0000,-8.8707,15.0000
60.119,15.8420,-4.9896,15.0000,-8.9128,15.0000
60.169,15.4678,-7.4844,15.0000,-8.9362,15.0000
60.219,15.2807,-3.7422,15.0000,-8.9503,15.0000
60.269,15.9668,13.7214,15.0000,-8.9986,15.0000
60.319,15.7797,-3.7422,15.0000,-9.0376,15.0000
60.369,16.2786,9.9792,15.0000,-9.1015,15.0000
60.419,16.0291,-4.9896,15.0000,-9.1530,15.0000
60.469,15.7797,-4.9896,15.0000,-9.1920,15.0000
60.519,16.0915,6.2370,15.0000,-9.2465,15.0000
60.569,16.0915,0.0000,15.0000,-9.3011,15.0000
60.619,16.1539,1.2474,15.0000,-9.3588,15.0000
60.669,16.5281,7.4844,15.0000,-9.4352,15.0000
60.719,15.9668,-11.2266,15.0000,-9.4836,15.0000
60.769,16.5281,11.2266,15.0000,-9.5600,15.0000
60.819,16.2162,-6.2370,15.0000,-9.6208,15.0000
60.869,16.4034,3.7422,15.0000,-9.6909,15.0000
60.919,16.4034,0.0000,15.0000,-9.7611,15.0000
60.969,16.4657,1.2474,15.0000,-9.8344,15.0000
61.019,15.9668,-9.9792,15.0000,-9.8827,15.0000
61.069,15.9044,-1.2474,15.0000,-9.9280,15.0000
61.119,16.2162,6.2370,15.0000,-9.9888,15.0000
61.169,16.2786,1.2474,15.0000,-10.0527,15.0000
61.219,16.0291,-4.9896,15.0000,-10.1042,15.0000
61.269,16.2786,4.9896,15.0000,-10.1681,15.0000
61.319,15.5925,-13.7214,15.0000,-10.1977,15.0000
61.369,16.2162,12.4740,15.0000,-10.2585,15.0000
61.419,16.2162,0.0000,15.0000,-10.3193,15.0000
61.469,16.0291,-3.7422,15.0000,-10.3708,15.0000
61.519,16.1539,2.4948,15.0000,-10.4285,15.0000
61.569,15.5302,-12.4740,15.0000,-10.4550,15.0000
61.619,16.1539,12.4740,15.0000,-10.5127,15.0000
61.669,16.0291,-2.4948,15.0000,-10.5641,15.0000
61.719,16.4657,8.7318,15.0000,-10.6374,15.0000
61.769,16.4657,0.0000,15.0000,-10.7107,15.0000
61.819,16.0915,-7.4844,15.0000,-10.7653,15.0000
61.869,16.4657,7.4844,15.0000,-10.8386,15.0000
61.919,16.0291,-8.7318,15.0000,-10.8900,15.0000
61.969,16.2162,3.7422,15.0000,-10.9508,15.0000
62.019,15.8420,-7.4844,15.0000,-10.9929,15.0000
62.069,16.2162,7.4844,15.0000,-11.0537,15.0000
62.119,16.0915,-2.4948,15.0000,-11.1083,15.0000
62.169,16.1539,1.2474,15.0000,-11.1660,15.0000
62.219,16.2162,1.2474,15.0000,-11.2268,15.0000
62.269,16.0915,-2.4948,15.0000,-11.2814,15.0000
62.319,15.7173,-7.4844,15.0000,-11.3173,15.0000
62.369,15.5302,-3.7422,15.0000,-11.3438,15.0000
62.419,16.0915,11.2266,15.0000,-11.3983,15.0000
62.469,16.1539,1.2474,15.0000,-11.4560,15.0000
62.519,16.0291,-2.4948,15.0000,-11.5075,15.0000
62.569,15.9668,-1.2474,15.0000,-11.5558,15.0000
62.619,16.0915,2.4948,15.0000,-11.6104,15.0000
62.669,16.5281,8.7318,15.0000,-11.6868,15.0000
62.719,16.1539,-7.4844,15.0000,-11.7445,15.0000
62.769,16.4657,6.2370,15.0000,-11.8178,15.0000
62.819,15.7797,-13.7214,15.0000,-11.8568,15.0000
62.869,15.8420,1.2474,15.0000,-11.8989,15.0000
62.919,15.6549,-3.7422,15.0000,-11.9316,15.0000
62.969,16.4657,16.2162,15.0000,-12.0049,15.0000
63.019,15.8420,-12.4740,15.0000,-12.0470,15.0000
63.069,15.5925,-4.9896,15.0000,-12.0766,15.0000
63.119,15.5925,0.0000,15.0000,-12.1063,15.0000
63.169,16.1539,11.2266,15.0000,-12.1640,15.0000
63.219,15.8420,-6.2370,15.0000,-12.2061,15.0000
63.269,16.0915,4.9896,15.0000,-12.2606,15.0000
63.319,15.8420,-4.9896,15.0000,-12.3027,15.0000
63.369,15.8420,0.0000,15.0000,-12.3448,15.0000
63.419,16.2786,8.7318,15.0000,-12.4088,15.0000
63.469,15.8420,-8.7318,15.0000,-12.4509,15.0000
63.519,16.1539,6.2370,15.0000,-12.5086,15.0000
63.569,16.1539,0.0000,15.0000,-12.5663,15.0000
63.619,16.2162,1.2474,15.0000,-12.6271,15.0000
63.669,16.2786,1.2474,15.0000,-12.6910,15.0000
63.719,15.9044,-7.4844,15.0000,-12.7362,15.0000
63.769,16.1539,4.9896,15.0000,-12.7939,15.0000
63.819,16.5905,8.7318,15.0000,-12.8734,15.0000
63.869,15.6549,-18.7110,15.0000,-12.9062,15.0000
63.919,16.0291,7.4844,15.0000,-12.9576,15.0000
63.969,15.7797,-4.9896,15.0000,-12.9966,15.0000
64.019,15.9668,3.7422,15.0000,-13.0450,15.0000
64.069,16.2162,4.9896,15.0000,-13.1058,15.0000
64.119,15.7797,-8.7318,15.0000,-13.1448,15.0000
64.169,15.6549,-2.4948,15.0000,-13.1775,15.0000
64.219,15.9044,4.9896,15.0000,-13.2227,15.0000
64.269,16.4034,9.9792,15.0000,-13.2929,15.0000
64.319,15.5302,-17.4636,15.0000,-13.3194,15.0000
64.369,15.6549,2.4948,15.0000,-13.3521,15.0000
64.419,15.4678,-3.7422,15.0000,-13.3755,15.0000
64.469,15.9044,8.7318,15.0000,-13.4208,15.0000
64.519,15.9668,1.2474,15.0000,-13.4691,15.0000
64.569,15.9668,0.0000,15.0000,-13.5174,15.0000
64.619,15.9668,0.0000,15.0000,-13.5658,15.0000
64.669,16.0915,2.4948,15.0000,-13.6203,15.0000
64.719,15.7173,-7.4844,15.0000,-13.6562,15.0000
64.769,15.9668,4.9896,15.0000,-13.7046,15.0000
64.819,16.3410,7.4844,15.0000,-13.7716,15.0000
64.869,16.2786,-1.2474,15.0000,-13.8355,15.0000
64.919,16.4657,3.7422,15.0000,-13.9088,15.0000
64.969,16.1539,-6.2370,15.0000,-13.9665,15.0000
65.019,16.5281,7.4844,15.0000,-14.0429,15.0000
65.069,16.2162,-6.2370,15.0000,-14.1037,15.0000
65.119,15.6549,-11.2266,15.0000,-14.1365,15.0000
65.169,16.4657,16.2162,15.0000,-14.2098,15.0000
65.219,15.9044,-11.2266,15.0000,-14.2550,15.0000
65.269,15.9668,1.2474,15.0000,-14.3033,15.0000
65.319,15.7173,-4.9896,15.0000,-14.3392,15.0000
65.369,15.9668,4.9896,15.0000,-14.3875,15.0000
65.419,16.0915,2.4948,15.0000,-14.4421,15.0000
65.469,15.3431,-14.9688,15.0000,-14.4593,15.0000
65.519,15.9044,11.2266,15.0000,-14.5045,15.0000
65.569,15.6549,-4.9896,15.0000,-14.5372,15.0000
65.619,15.7797,2.4948,15.0000,-14.5762,15.0000
65.669,15.5302,-4.9896,15.0000,-14.6027,15.0000
65.719,15.6549,2.4948,15.0000,-14.6355,15.0000
65.769,15.5925,-1.2474,15.0000,-14.6651,15.0000
65.819,15.9668,7.4844,15.0000,-14.7134,15.0000
65.869,15.4054,-11.2266,15.0000,-14.7337,15.0000
65.919,15.9044,9.9792,15.0000,-14.7789,15.0000
65.969,15.6549,-4.9896,15.0000,-14.8117,15.0000
66.019,15.6549,0.0000,15.0000,-14.8444,15.0000
66.069,15.5302,-2.4948,15.0000,-14.8709,15.0000
66.119,15.6549,2.4948,15.0000,-14.9037,15.0000
66.169,15.5302,-2.4948,15.0000,-14.9302,15.0000
66.219,15.7797,4.9896,15.0000,-14.9692,15.0000
66.269,15.9044,2.4948,15.0000,-15.0144,15.0000
66.319,15.8420,-1.2474,15.0000,-15.0565,15.0000
66.369,15.8420,0.0000,15.0000,-15.0986,15.0000
66.419,15.8420,0.0000,15.0000,-15.1407,15.0000
66.469,15.4054,-8.7318,15.0000,-15.1609,15.0000
66.519,15.6549,4.9896,15.0000,-15.1937,15.0000
66.569,15.4678,-3.7422,15.0000,-15.2171,15.0000
66.619,15.2807,-3.7422,15.0000,-15.2311,15.0000
66.669,15.4678,3.7422,15.0000,-15.2545,15.0000
66.719,15.4054,-1.2474,15.0000,-15.2748,15.0000
66.769,15.2183,-3.7422,15.0000,-15.2857,15.0000
66.819,15.7797,11.2266,15.0000,-15.3247,15.0000
66.869,15.7173,-1.2474,15.0000,-15.3605,15.0000
66.919,16.1539,8.7318,15.0000,-15.4182,15.0000
66.969,15.5302,-12.4740,15.0000,-15.4447,15.0000
67.019,16.1539,12.4740,15.0000,-15.5024,15.0000
67.069,16.0915,-1.2474,15.0000,-15.5570,15.0000
67.119,15.6549,-8.7318,15.0000,-15.5898,15.0000
67.169,15.8420,3.7422,15.0000,-15.6319,15.0000
67.219,15.7173,-2.4948,15.0000,-15.6677,15.0000
67.269,15.8420,2.4948,15.0000,-15.7098,15.0000
67.319,15.6549,-3.7422,15.0000,-15.7426,15.0000
67.369,15.5925,-1.2474,15.0000,-15.7722,15.0000
67.419,15.2807,-6.2370,15.0000,-15.7862,15.0000
67.469,15.4678,3.7422,15.0000,-15.8096,15.0000
67.519,15.5302,1.2474,15.0000,-15.8361,15.0000
67.569,15.5925,1.2474,15.0000,-15.8658,15.0000
67.619,16.0915,9.9792,15.0000,-15.9203,15.0000
67.669,15.7173,-7.4844,15.0000,-15.9562,15.0000
67.719,15.9044,3.7422,15.0000,-16.0014,15.0000
67.769,15.7797,-2.4948,15.0000,-16.0404,15.0000
67.819,15.5925,-3.7422,15.0000,-16.0700,15.0000
67.869,15.8420,4.9896,15.0000,-16.1121,15.0000
67.919,15.5925,-4.9896,15.0000,-16.1417,15.0000
67.969,15.7173,2.4948,15.0000,-16.1776,15.0000
68.019,15.4054,-6.2370,15.0000,-16.1979,15.0000
68.069,15.9044,9.9792,15.0000,-16.2431,15.0000
68.119,15.4054,-9.9792,15.0000,-16.2634,15.0000
68.169,15.6549,4.9896,15.0000,-16.2961,15.0000
68.219,15.8420,3.7422,15.0000,-16.3382,15.0000
68.269,15.7797,-1.2474,15.0000,-16.3772,15.0000
68.319,15.6549,-2.4948,15.0000,-16.4099,15.0000
68.369,16.0291,7.4844,15.0000,-16.4614,15.0000
68.419,15.9044,-2.4948,15.0000,-16.5066,15.0000
68.469,16.0915,3.7422,15.0000,-16.5612,15.0000
68.519,15.5925,-9.9792,15.0000,-16.5908,15.0000
68.569,15.8420,4.9896,15.0000,-16.6329,15.0000
68.619,15.5302,-6.2370,15.0000,-16.6594,15.0000
68.669,15.2807,-4.9896,15.0000,-16.6735,15.0000
68.719,15.9044,12.4740,15.0000,-16.7187,15.0000
68.769,15.9668,1.2474,15.0000,-16.7670,15.0000
68.819,15.7797,-3.7422,15.0000,-16.8060,15.0000
68.869,15.5302,-4.9896,15.0000,-16.8325,15.0000
68.919,16.0915,11.2266,15.0000,-16.8871,15.0000
68.969,15.8420,-4.9896,15.0000,-16.9292,15.0000
69.019,15.6549,-3.7422,15.0000,-16.9619,15.0000
69.069,15.9668,6.2370,15.0000,-17.0103,15.0000
69.119,15.4054,-11.2266,15.0000,-17.0306,15.0000
69.169,15.5302,2.4948,15.0000,-17.0571,15.0000
69.219,16.0291,9.9792,15.0000,-17.1085,15.0000
69.269,15.5925,-8.7318,15.0000,-17.1381,15.0000
69.319,15.6549,1.2474,15.0000,-17.1709,15.0000
69.369,15.5925,-1.2474,15.0000,-17.2005,15.0000
69.419,15.2183,-7.4844,15.0000,-17.2114,15.0000
69.469,15.7797,11.2266,15.0000,-17.2504,15.0000
69.519,15.9668,3.7422,15.0000,-17.2988,15.0000
69.569,15.9668,0.0000,15.0000,-17.3471,15.0000
69.619,15.7173,-4.9896,15.0000,-17.3830,15.0000
69.669,15.4054,-6.2370,15.0000,-17.4032,15.0000
69.719,15.9668,11.2266,15.0000,-17.4516,15.0000
69.769,15.8420,-2.4948,15.0000,-17.4937,15.0000
69.819,15.7173,-2.4948,15.0000,-17.5295,15.0000
69.869,15.4678,-4.9896,15.0000,-17.5529,15.0000
69.919,15.6549,3.7422,15.0000,-17.5857,15.0000
69.969,15.5925,-1.2474,15.0000,-17.6153,15.0000
70.019,15.7173,2.4948,15.0000,-17.6512,15.0000
70.069,15.6549,-1.2474,15.0000,-17.6839,15.0000
70.119,15.4678,-3.7422,15.0000,-17.7073,15.0000
70.169,16.2786,16.2162,15.0000,-17.7712,15.0000
70.219,15.4678,-16.2162,15.0000,-17.7946,15.0000
70.269,15.4054,-1.2474,15.0000,-17.8149,15.0000
70.319,15.5302,2.4948,15.0000,-17.8414,15.0000
70.369,15.4678,-1.2474,15.0000,-17.8648,15.0000
70.419,15.4678,0.0000,15.0000,-17.8882,15.0000
70.469,16.0915,12.4740,15.0000,-17.9427,15.0000
70.519,15.4678,-12.4740,15.0000,-17.9661,15.0000
70.569,15.5925,2.4948,15.0000,-17.9958,15.0000
70.619,15.7797,3.7422,15.0000,-18.0347,15.0000
70.669,15.6549,-2.4948,15.0000,-18.0675,15.0000
70.719,15.6549,0.0000,15.0000,-18.1002,15.0000
70.769,15.5302,-2.4948,15.0000,-18.1267,15.0000
70.819,15.4678,-1.2474,15.0000,-18.1501,15.0000
70.869,15.5302,1.2474,15.0000,-18.1766,15.0000
70.919,15.4054,-2.4948,15.0000,-18.1969,15.0000
70.969,15.2807,-2.4948,15.0000,-18.2110,15.0000
71.019,15.3431,1.2474,15.0000,-18.2281,15.0000
71.069,15.2807,-1.2474,15.0000,-18.2421,15.0000
71.119,15.9044,12.4740,15.0000,-18.2874,15.0000
71.169,15.4054,-9.9792,15.0000,-18.3076,15.0000
71.219,15.7173,6.2370,15.0000,-18.3435,15.0000
71.269,15.7173,0.0000,15.0000,-18.3794,15.0000
71.319,15.4054,-6.2370,15.0000,-18.3996,15.0000
71.369,15.8420,8.7318,15.0000,-18.4417,15.0000
71.419,15.3431,-9.9792,15.0000,-18.4589,15.0000
71.469,15.3431,0.0000,15.0000,-18.4760,15.0000
71.519,15.4054,1.2474,15.0000,-18.4963,15.0000
71.569,16.0915,13.7214,15.0000,-18.5509,15.0000
71.619,15.4678,-12.4740,15.0000,-18.5743,15.0000
71.669,15.2807,-3.7422,15.0000,-18.5883,15.0000
71.719,15.1560,-2.4948,15.0000,-18.5961,15.0000
71.769,15.1560,0.0000,15.0000,-18.6039,15.0000
71.819,15.7173,11.2266,15.0000,-18.6398,15.0000
71.869,15.9044,3.7422,15.0000,-18.6850,15.0000
71.919,15.5302,-7.4844,15.0000,-18.7115,15.0000
71.969,15.7173,3.7422,15.0000,-18.7474,15.0000
72.019,15.7173,0.0000,15.0000,-18.7832,15.0000
72.069,15.9044,3.7422,15.0000,-18.8285,15.0000
72.119,15.9044,0.0000,15.0000,-18.8737,15.0000
72.169,15.7173,-3.7422,15.0000,-18.9095,15.0000
72.219,15.1560,-11.2266,15.0000,-18.9173,15.0000
72.269,15.5925,8.7318,15.0000,-18.9470,15.0000
72.319,15.6549,1.2474,15.0000,-18.9797,15.0000
72.369,15.0936,-11.2266,15.0000,-18.9844,15.0000
72.419,15.5925,9.9792,15.0000,-19.0140,15.0000
72.469,15.7173,2.4948,15.0000,-19.0499,15.0000
72.519,15.6549,-1.2474,15.0000,-19.0826,15.0000
72.569,15.4054,-4.9896,15.0000,-19.1029,15.0000
72.619,15.7797,7.4844,15.0000,-19.1419,15.0000
72.669,16.2786,9.9792,15.0000,-19.2058,15.0000
72.719,15.9668,-6.2370,15.0000,-19.2542,15.0000
72.769,15.2807,-13.7214,15.0000,-19.2682,15.0000
72.819,15.7173,8.7318,15.0000,-19.3041,15.0000
72.869,15.2807,-8.7318,15.0000,-19.3181,15.0000
72.919,15.9668,13.7214,15.0000,-19.3664,15.0000
72.969,15.0936,-17.4636,15.0000,-19.3711,15.0000
73.019,16.0291,18.7110,15.0000,-19.4226,15.0000
73.069,15.8420,-3.7422,15.0000,-19.4647,15.0000
73.119,15.4054,-8.7318,15.0000,-19.4849,15.0000
73.169,15.4054,0.0000,15.0000,-19.5052,15.0000
73.219,15.5925,3.7422,15.0000,-19.5348,15.0000
73.269,15.2183,-7.4844,15.0000,-19.5457,15.0000
73.319,15.4678,4.9896,15.0000,-19.5691,15.0000
73.369,15.5925,2.4948,15.0000,-19.5988,15.0000
73.419,15.0312,-11.2266,15.0000,-19.6003,15.0000
73.469,15.4678,8.7318,15.0000,-19.6237,15.0000
73.519,15.7173,4.9896,15.0000,-19.6596,15.0000
73.569,15.6549,-1.2474,15.0000,-19.6923,15.0000
73.619,14.9688,-13.7214,15.0000,-19.6908,15.0000
73.669,15.2183,4.9896,15.0000,-19.7017,15.0000
73.719,15.5925,7.4844,15.0000,-19.7313,15.0000
73.769,15.4054,-3.7422,15.0000,-19.7516,15.0000
73.819,15.6549,4.9896,15.0000,-19.7843,15.0000
73.869,15.2807,-7.4844,15.0000,-19.7983,15.0000
73.919,15.7797,9.9792,15.0000,-19.8373,15.0000
73.969,15.5925,-3.7422,15.0000,-19.8670,15.0000
74.019,15.7797,3.7422,15.0000,-19.9059,15.0000
74.069,15.8420,1.2474,15.0000,-19.9480,15.0000
74.119,15.6549,-3.7422,15.0000,-19.9808,15.0000
74.169,15.8420,3.7422,15.0000,-20.0229,15.0000
74.219,15.5925,-4.9896,15.0000,-20.0525,15.0000
74.269,15.5925,0.0000,15.0000,-20.0821,15.0000
74.319,15.7797,3.7422,15.0000,-20.1211,15.0000
74.369,15.4678,-6.2370,15.0000,-20.1445,15.0000
74.419,15.5302,1.2474,15.0000,-20.1710,15.0000
74.469,15.2807,-4.9896,15.0000,-20.1851,15.0000
74.519,15.3431,1.2474,15.0000,-20.2022,15.0000
74.569,15.6549,6.2370,15.0000,-20.2350,15.0000
74.619,15.8420,3.7422,15.0000,-20.2771,15.0000
74.669,15.4678,-7.4844,15.0000,-20.3004,15.0000
74.719,15.7173,4.9896,15.0000,-20.3363,15.0000
74.769,15.5925,-2.4948,15.0000,-20.3659,15.0000
74.819,15.7797,3.7422,15.0000,-20.4049,15.0000
74.869,15.5302,-4.9896,15.0000,-20.4314,15.0000
74.919,15.3431,-3.7422,15.0000,-20.4486,15.0000
74.969,15.5302,3.7422,15.0000,-20.4751,15.0000
75.019,15.8420,6.2370,15.0000,-20.5172,15.0000
75.069,15.3431,-9.9792,15.0000,-20.5343,15.0000
75.119,15.6549,6.2370,15.0000,-20.5671,15.0000
75.169,15.4678,-3.7422,15.0000,-20.5905,15.0000
75.219,15.4054,-1.2474,15.0000,-20.6108,15.0000
75.269,15.2183,-3.7422,15.0000,-20.6217,15.0000
75.319,15.2183,0.0000,15.0000,-20.6326,15.0000
75.369,15.6549,8.7318,15.0000,-20.6653,15.0000
75.419,15.2183,-8.7318,15.0000,-20.6762,15.0000
75.470,15.1560,-1.2474,15.0000,-20.6840,15.0000
75.520,15.7797,12.4740,15.0000,-20.7230,15.0000
75.570,15.9668,3.7422,15.0000,-20.7714,15.0000
75.620,15.4678,-9.9792,15.0000,-20.7948,15.0000
75.670,15.4678,0.0000,15.0000,-20.8181,15.0000
75.720,15.8420,7.4844,15.0000,-20.8602,15.0000
75.770,15.5302,-6.2370,15.0000,-20.8868,15.0000
75.820,14.9688,-11.2266,15.0000,-20.8852,15.0000
75.870,15.4054,8.7318,15.0000,-20.9055,15.0000
75.920,15.7797,7.4844,15.0000,-20.9445,15.0000
75.970,15.6549,-2.4948,15.0000,-20.9772,15.0000
76.020,15.5302,-2.4948,15.0000,-21.0037,15.0000
76.070,15.9044,7.4844,15.0000,-21.0489,15.0000
76.120,15.9044,0.0000,15.0000,-21.0941,15.0000
76.170,15.7173,-3.7422,15.0000,-21.1300,15.0000
76.220,16.0915,7.4844,15.0000,-21.1846,15.0000
76.270,15.8420,-4.9896,15.0000,-21.2267,15.0000
76.320,15.7173,-2.4948,15.0000,-21.2626,15.0000
76.370,15.7173,0.0000,15.0000,-21.2984,15.0000
76.420,15.5302,-3.7422,15.0000,-21.3249,15.0000
76.470,15.7797,4.9896,15.0000,-21.3639,15.0000
76.520,15.8420,1.2474,15.0000,-21.4060,15.0000
76.570,15.5302,-6.2370,20.0000,0.2235,15.0000
76.620,15.7797,4.9896,20.0000,0.4345,20.0000
76.670,15.5302,-4.9896,20.0000,0.6580,20.0000
76.720,16.0915,11.2266,20.0000,0.8534,20.0000
76.770,15.5925,-9.9792,20.0000,1.0738,20.0000
76.820,15.8420,4.9896,20.0000,1.2817,20.0000
76.870,16.0915,4.9896,20.0000,1.4771,20.0000
76.920,16.0915,0.0000,20.0000,1.6725,20.0000
76.970,15.9044,-3.7422,20.0000,1.8773,20.0000
77.020,15.6549,-4.9896,20.0000,2.0946,20.0000
77.070,15.7797,2.4948,20.0000,2.3056,20.0000
77.120,16.1539,7.4844,20.0000,2.4979,20.0000
77.170,16.4034,4.9896,20.0000,2.6777,20.0000
77.220,15.7173,-13.7214,20.0000,2.8919,20.0000
77.270,15.6549,-1.2474,20.0000,3.1091,20.0000
77.320,16.2162,11.2266,20.0000,3.2983,20.0000
77.370,16.0291,-3.7422,20.0000,3.4969,20.0000
77.420,16.3410,6.2370,20.0000,3.6798,20.0000
77.470,16.5281,3.7422,20.0000,3.8534,20.0000
77.520,16.9023,7.4844,20.0000,4.0083,20.0000
77.570,16.6528,-4.9896,20.0000,4.1756,20.0000
77.620,17.4013,14.9688,20.0000,4.3056,20.0000
77.670,17.0894,-6.2370,20.0000,4.4511,20.0000
77.720,18.0873,19.9584,20.0000,4.5467,20.0000
77.770,17.9002,-3.7422,20.0000,4.6517,20.0000
77.820,18.2121,6.2370,20.0000,4.7411,20.0000
77.870,17.9002,-6.2370,20.0000,4.8461,20.0000
77.920,17.7755,-2.4948,20.0000,4.9573,20.0000
77.970,18.1497,7.4844,20.0000,5.0499,20.0000
78.020,18.8982,14.9688,20.0000,5.1049,20.0000
78.070,19.0853,3.7422,20.0000,5.1507,20.0000
78.120,19.8961,16.2162,20.0000,5.1559,20.0000
78.170,19.3347,-11.2266,20.0000,5.1891,20.0000
78.220,19.6466,6.2370,20.0000,5.2068,20.0000
78.270,19.8337,3.7422,20.0000,5.2151,20.0000
78.320,20.1456,6.2370,20.0000,5.2078,20.0000
78.370,20.6445,9.9792,20.0000,5.1756,20.0000
78.420,20.3327,-6.2370,20.0000,5.1590,20.0000
78.470,21.6424,26.1954,20.0000,5.0769,20.0000
78.520,21.9543,6.2370,20.0000,4.9792,20.0000
78.570,22.0790,2.4947,20.0000,4.8752,20.0000
78.620,21.7048,-7.4844,20.0000,4.7900,20.0000
78.670,21.6424,-1.2474,20.0000,4.7078,20.0000
78.720,22.4532,16.2162,20.0000,4.5852,20.0000
78.770,23.1393,13.7214,20.0000,4.4282,20.0000
78.820,23.4512,6.2370,20.0000,4.2557,20.0000
78.870,22.0167,-28.6902,20.0000,4.1548,20.0000
78.920,23.6383,32.4324,20.0000,3.9729,20.0000
78.970,23.6383,0.0000,20.0000,3.7910,20.0000
79.020,22.9522,-13.7214,20.0000,3.6434,20.0000
79.070,22.9522,0.0000,20.0000,3.4958,20.0000
79.120,24.2620,26.1954,20.0000,3.2827,20.0000
79.170,24.6362,7.4844,20.0000,3.0509,20.0000
79.220,24.1996,-8.7318,20.0000,2.8409,20.0000
79.270,23.2641,-18.7110,20.0000,2.6777,20.0000
79.320,23.5759,6.2370,20.0000,2.4989,20.0000
79.370,24.3867,16.2162,20.0000,2.2795,20.0000
79.420,24.6986,6.2370,20.0000,2.0446,20.0000
79.470,24.3243,-7.4844,20.0000,1.8284,20.0000
79.520,24.7609,8.7318,20.0000,1.5904,20.0000
79.570,22.5780,-43.6590,20.0000,1.4615,20.0000
79.620,22.5780,0.0000,20.0000,1.3326,20.0000
79.670,24.5115,38.6694,20.0000,1.1070,20.0000
79.720,23.6383,-17.4636,20.0000,0.9251,20.0000
79.770,23.6383,0.0000,20.0000,0.7432,20.0000
79.820,24.6986,21.2058,20.0000,0.5082,20.0000
79.870,24.1372,-11.2266,20.0000,0.3014,20.0000
79.920,25.2599,22.4532,20.0000,0.0384,20.0000
79.970,25.0104,-4.9896,20.0000,-0.2122,20.0000
80.020,24.7609,-4.9895,20.0000,-0.4502,20.0000
80.070,24.8233,1.2474,20.0000,-0.6914,20.0000
80.120,25.4470,12.4740,20.0000,-0.9637,20.0000
80.170,25.4470,0.0000,20.0000,-1.2361,20.0000
80.220,23.8878,-31.1850,20.0000,-1.4305,20.0000
80.270,23.8878,0.0000,20.0000,-1.6248,20.0000
80.320,23.8878,0.0000,20.0000,-1.8192,20.0000
80.370,23.8878,0.0000,20.0000,-2.0136,20.0000
80.420,25.0104,22.4532,20.0000,-2.2641,20.0000
80.470,24.1372,-17.4636,20.0000,-2.4710,20.0000
80.520,24.3867,4.9896,20.0000,-2.6903,20.0000
80.570,24.5738,3.7422,20.0000,-2.9190,20.0000
80.620,24.8233,4.9896,20.0000,-3.1602,20.0000
80.670,23.7630,-21.2058,20.0000,-3.3483,20.0000
80.720,24.2620,9.9792,20.0000,-3.5614,20.0000
80.770,24.2620,0.0000,20.0000,-3.7745,20.0000
80.820,24.2620,0.0000,20.0000,-3.9876,20.0000
80.870,24.2620,0.0000,20.0000,-4.2007,20.0000
80.920,23.7630,-9.9792,20.0000,-4.3889,20.0000
80.970,23.7630,0.0000,20.0000,-4.5770,20.0000
81.020,22.8898,-17.4636,20.0000,-4.7215,20.0000
81.070,23.5135,12.4740,20.0000,-4.8972,20.0000
81.120,24.1372,12.4740,20.0000,-5.1041,20.0000
81.170,23.0146,-22.4532,20.0000,-5.2548,20.0000
81.220,25.6341,52.3908,20.0000,-5.5365,20.0000
81.270,25.6341,0.0000,20.0000,-5.8182,20.0000
81.320,23.8254,-36.1746,20.0000,-6.0095,20.0000
81.370,23.5759,-4.9896,20.0000,-6.1883,20.0000
81.420,23.5759,0.0000,20.0000,-6.3671,20.0000
81.470,23.2641,-6.2370,20.0000,-6.5303,20.0000
81.520,24.3867,22.4532,20.0000,-6.7496,20.0000
81.570,23.8254,-11.2266,20.0000,-6.9409,20.0000
81.620,23.8254,0.0000,20.0000,-7.1321,20.0000
81.670,23.4512,-7.4844,20.0000,-7.3047,20.0000
81.720,23.0146,-8.7318,20.0000,-7.4554,20.0000
81.770,24.1996,23.7006,20.0000,-7.6654,20.0000
81.820,22.9522,-24.9480,20.0000,-7.8130,20.0000
81.870,22.9522,0.0000,20.0000,-7.9606,20.0000
81.920,24.3867,28.6902,20.0000,-8.1800,20.0000
81.970,23.6383,-14.9688,20.0000,-8.3619,20.0000
82.020,23.6383,0.0000,20.0000,-8.5438,20.0000
82.070,24.0749,8.7318,20.0000,-8.7475,20.0000
82.120,23.7006,-7.4844,20.0000,-8.9326,20.0000
82.170,24.1372,8.7318,20.0000,-9.1394,20.0000
82.220,23.3888,-14.9688,20.0000,-9.3089,20.0000
82.270,23.9501,11.2266,20.0000,-9.5064,20.0000
82.320,23.9501,0.0000,20.0000,-9.7039,20.0000
82.370,23.9501,0.0000,20.0000,-9.9014,20.0000
82.420,23.7630,-3.7422,20.0000,-10.0895,20.0000
82.470,24.3243,11.2266,20.0000,-10.3058,20.0000
82.520,23.8878,-8.7318,20.0000,-10.5001,20.0000
82.570,23.8878,0.0000,20.0000,-10.6945,20.0000
82.620,23.8878,0.0000,20.0000,-10.8889,20.0000
82.670,23.7006,-3.7422,20.0000,-11.0740,20.0000
82.720,23.7006,0.0000,20.0000,-11.2590,20.0000
82.770,23.7630,1.2474,20.0000,-11.4471,20.0000
82.820,23.7006,-1.2474,20.0000,-11.6322,20.0000
82.870,23.2641,-8.7318,20.0000,-11.7954,20.0000
82.920,22.3909,-17.4636,20.0000,-11.9149,20.0000
82.970,23.0769,13.7214,20.0000,-12.0688,20.0000
83.020,22.8275,-4.9896,20.0000,-12.2101,20.0000
83.070,23.2017,7.4844,20.0000,-12.3702,20.0000
83.120,23.0769,-2.4948,20.0000,-12.5241,20.0000
83.170,22.8275,-4.9896,20.0000,-12.6654,20.0000
83.220,23.0769,4.9896,20.0000,-12.8193,20.0000
83.270,23.0769,0.0000,20.0000,-12.9731,20.0000
83.320,23.7006,12.4740,20.0000,-13.1582,20.0000
83.370,23.7006,0.0000,20.0000,-13.3432,20.0000
83.420,23.7006,0.0000,20.0000,-13.5282,20.0000
83.470,21.8919,-36.1746,20.0000,-13.6228,20.0000
83.520,21.8919,0.0000,20.0000,-13.7174,20.0000
83.570,22.9522,21.2058,20.0000,-13.8650,20.0000
83.620,23.4512,9.9792,20.0000,-14.0376,20.0000
83.670,22.4532,-19.9584,20.0000,-14.1602,20.0000
83.720,22.4532,0.0000,20.0000,-14.2829,20.0000
83.770,23.3888,18.7110,20.0000,-14.4523,20.0000
83.820,23.3888,0.0000,20.0000,-14.6218,20.0000
83.870,22.6404,-14.9688,20.0000,-14.7538,20.0000
83.920,22.6404,0.0000,20.0000,-14.8858,20.0000
83.970,23.5135,17.4636,20.0000,-15.0615,20.0000
84.020,22.6404,-17.4636,20.0000,-15.1935,20.0000
84.070,23.7006,21.2058,20.0000,-15.3785,20.0000
84.120,23.2641,-8.7318,20.0000,-15.5418,20.0000
84.170,23.8254,11.2266,20.0000,-15.7330,20.0000
84.220,22.4532,-27.4428,20.0000,-15.8557,20.0000
84.270,23.7006,24.9480,20.0000,-16.0407,20.0000
84.320,23.0769,-12.4740,20.0000,-16.1946,20.0000
84.370,23.9501,17.4636,20.0000,-16.3921,20.0000
84.420,24.3243,7.4844,20.0000,-16.6083,20.0000
84.470,24.5738,4.9896,20.0000,-16.8370,20.0000
84.520,24.3243,-4.9896,20.0000,-17.0532,20.0000
84.570,23.9501,-7.4844,20.0000,-17.2507,20.0000
84.620,22.9522,-19.9584,20.0000,-17.3983,20.0000
84.670,23.7006,14.9688,20.0000,-17.5833,20.0000
84.720,23.7630,1.2474,20.0000,-17.7715,20.0000
84.770,23.2017,-11.2266,20.0000,-17.9316,20.0000
84.820,23.2017,0.0000,20.0000,-18.0916,20.0000
84.870,22.8898,-6.2370,20.0000,-18.2361,20.0000
84.920,22.5780,-6.2370,20.0000,-18.3650,20.0000
84.970,23.5759,19.9584,20.0000,-18.5438,20.0000
85.020,23.5759,0.0000,20.0000,-18.7226,20.0000
85.070,23.2017,-7.4844,20.0000,-18.8827,20.0000
85.120,23.7630,11.2266,20.0000,-19.0709,20.0000
85.170,23.7630,0.0000,20.0000,-19.2590,20.0000
85.220,23.7630,0.0000,20.0000,-19.4472,20.0000
85.270,22.3909,-27.4428,20.0000,-19.5667,20.0000
85.320,22.3909,0.0000,20.0000,-19.6862,20.0000
85.370,22.3909,0.0000,20.0000,-19.8058,20.0000
85.420,23.7006,26.1954,20.0000,-19.9908,20.0000
85.470,23.7006,0.0000,20.0000,-20.1759,20.0000
85.520,23.1393,-11.2266,20.0000,-20.3328,20.0000
85.570,23.1393,0.0000,20.0000,-20.4898,20.0000
85.620,22.8898,-4.9896,20.0000,-20.6343,20.0000
85.670,22.3909,-9.9792,20.0000,-20.7538,20.0000
85.720,23.0146,12.4740,20.0000,-20.9045,20.0000
85.770,22.6404,-7.4844,20.0000,-21.0366,20.0000
85.820,23.2017,11.2266,20.0000,-21.1967,20.0000
85.870,23.2017,0.0000,20.0000,-21.3567,20.0000
85.920,23.8878,13.7214,20.0000,-21.5511,20.0000
85.970,22.2038,-33.6798,20.0000,-21.6613,20.0000
86.020,22.4532,4.9896,20.0000,-21.7840,20.0000
86.070,23.3888,18.7110,20.0000,-21.9534,20.0000
86.120,23.3888,0.0000,20.0000,-22.1229,20.0000
86.170,22.6404,-14.9688,20.0000,-22.2549,20.0000
86.220,22.3909,-4.9896,20.0000,-22.3744,20.0000
86.270,23.3888,19.9585,20.0000,-22.5439,20.0000
86.320,23.7630,7.4844,20.0000,-22.7320,20.0000
86.370,23.9501,3.7422,20.0000,-22.9295,20.0000
86.420,23.5759,-7.4844,20.0000,-23.1083,20.0000
86.470,22.8898,-13.7214,20.0000,-23.2528,20.0000
86.520,22.6404,-4.9896,20.0000,-23.3848,20.0000
86.570,23.1393,9.9792,20.0000,-23.5418,20.0000
86.620,23.0769,-1.2474,20.0000,-23.6956,20.0000
86.670,22.8275,-4.9896,20.0000,-23.8370,20.0000
86.720,22.7651,-1.2474,20.0000,-23.9753,20.0000
86.770,22.7651,0.0000,20.0000,-24.1135,20.0000
86.820,22.7651,0.0000,20.0000,-24.2518,20.0000
86.870,22.8898,2.4948,20.0000,-24.3963,20.0000
86.920,22.7651,-2.4948,20.0000,-24.5345,20.0000
86.970,22.7651,0.0000,20.0000,-24.6728,20.0000
87.020,22.9522,3.7422,20.0000,-24.8204,20.0000
87.070,22.8898,-1.2474,20.0000,-24.9649,20.0000
87.120,23.0146,2.4948,20.0000,-25.1156,20.0000
87.170,22.1414,-17.4636,20.0000,-25.2227,20.0000
87.220,22.7027,11.2266,20.0000,-25.3578,20.0000
87.270,23.0146,6.2370,20.0000,-25.5085,20.0000
87.320,22.7651,-4.9896,20.0000,-25.6468,20.0000
87.370,22.8898,2.4948,20.0000,-25.7913,20.0000
87.420,22.3909,-9.9792,20.0000,-25.9108,20.0000
87.470,22.2661,-2.4947,20.0000,-26.0241,20.0000
87.520,23.1393,17.4636,20.0000,-26.1811,20.0000
87.570,22.3285,-16.2162,20.0000,-26.2975,20.0000
87.620,22.3285,0.0000,20.0000,-26.4140,20.0000
87.670,22.9522,12.4740,20.0000,-26.5616,20.0000
87.720,22.9522,0.0000,20.0000,-26.7092,20.0000
87.770,23.1393,3.7422,20.0000,-26.8661,20.0000
87.820,22.0167,-22.4532,20.0000,-26.9670,20.0000
87.870,22.0167,0.0000,20.0000,-27.0678,20.0000
87.920,22.7651,14.9688,20.0000,-27.2061,20.0000
87.970,22.7651,0.0000,20.0000,-27.3443,20.0000
88.020,22.7651,0.0000,20.0000,-27.4826,20.0000
88.070,23.0146,4.9896,20.0000,-27.6333,20.0000
88.120,22.0790,-18.7110,20.0000,-27.7373,20.0000
88.170,23.5135,28.6903,20.0000,-27.9129,20.0000
88.220,23.3264,-3.7423,20.0000,-28.0792,20.0000
88.270,23.3264,0.0000,20.0000,-28.2456,20.0000
88.320,23.2017,-2.4948,20.0000,-28.4057,20.0000
88.370,23.5759,7.4844,20.0000,-28.5844,20.0000
88.420,23.5759,0.0000,20.0000,-28.7632,20.0000
88.470,23.2641,-6.2370,20.0000,-28.9264,20.0000
88.520,23.5135,4.9896,20.0000,-29.1021,20.0000
88.570,23.5135,0.0000,20.0000,-29.2778,20.0000
88.620,22.8898,-12.4740,20.0000,-29.4223,20.0000
88.670,22.3285,-11.2266,20.0000,-29.5387,20.0000
88.720,22.3285,0.0000,20.0000,-29.6551,20.0000
88.770,24.1996,37.4220,20.0000,-29.8651,20.0000
88.820,22.6404,-31.1850,20.0000,-29.9971,20.0000
88.870,22.8898,4.9896,20.0000,-30.1416,20.0000
88.920,22.2038,-13.7214,20.0000,-30.2518,20.0000
88.970,22.8898,13.7214,20.0000,-30.3963,20.0000
89.020,23.7006,16.2162,20.0000,-30.5813,20.0000
89.070,22.6404,-21.2058,20.0000,-30.7134,20.0000
89.120,22.6404,0.0000,20.0000,-30.8454,20.0000
89.170,22.4532,-3.7422,20.0000,-30.9680,20.0000
89.220,22.4532,0.0000,20.0000,-31.0907,20.0000
89.270,24.0125,31.1850,20.0000,-31.2913,20.0000
89.320,22.2661,-34.9272,20.0000,-31.4046,20.0000
89.370,22.2661,0.0000,20.0000,-31.5179,20.0000
89.420,23.2641,19.9584,20.0000,-31.6811,20.0000
89.470,22.3285,-18.7110,20.0000,-31.7976,20.0000
89.520,22.3285,0.0000,20.0000,-31.9140,20.0000
89.570,23.3264,19.9584,20.0000,-32.0803,20.0000
89.620,23.0146,-6.2370,20.0000,-32.2310,20.0000
89.670,23.0146,0.0000,20.0000,-32.3818,20.0000
89.720,23.0146,0.0000,20.0000,-32.5325,20.0000
89.770,23.0146,0.0000,20.0000,-32.6832,20.0000
89.820,24.3867,27.4428,20.0000,-32.9026,20.0000
89.870,22.6404,-34.9272,20.0000,-33.0346,20.0000
89.920,22.7651,2.4948,20.0000,-33.1728,20.0000
89.970,22.9522,3.7422,20.0000,-33.3204,20.0000
90.020,22.9522,0.0000,20.0000,-33.4681,20.0000
90.070,22.6404,-6.2370,20.0000,-33.6001,20.0000
90.120,22.6404,0.0000,20.0000,-33.7321,20.0000
90.170,22.5780,-1.2474,20.0000,-33.8610,20.0000
90.220,22.5780,0.0000,20.0000,-33.9899,20.0000
90.270,21.9543,-12.4740,20.0000,-34.0876,20.0000
90.320,21.9543,0.0000,20.0000,-34.1853,20.0000
90.370,21.9543,0.0000,20.0000,-34.2830,20.0000
90.420,22.1414,3.7422,20.0000,-34.3901,20.0000
90.470,22.5156,7.4844,20.0000,-34.5159,20.0000
90.520,22.1414,-7.4844,20.0000,-34.6230,20.0000
90.570,22.1414,0.0000,20.0000,-34.7300,20.0000
90.620,22.8898,14.9688,20.0000,-34.8745,20.0000
90.670,22.8898,0.0000,20.0000,-35.0190,20.0000
90.720,22.2038,-13.7214,20.0000,-35.1292,20.0000
90.770,22.9522,14.9688,20.0000,-35.2768,20.0000
90.820,22.9522,0.0000,20.0000,-35.4244,20.0000
90.870,22.6404,-6.2370,20.0000,-35.5564,20.0000
90.920,22.6404,0.0000,20.0000,-35.6885,20.0000
90.970,22.6404,0.0000,20.0000,-35.8205,20.0000
91.020,22.7651,2.4948,20.0000,-35.9587,20.0000
91.070,22.7027,-1.2474,20.0000,-36.0939,20.0000
91.120,21.9543,-14.9688,20.0000,-36.1916,20.0000
91.170,23.0769,22.4532,20.0000,-36.3454,20.0000
91.220,22.6404,-8.7318,20.0000,-36.4775,20.0000
91.270,22.3909,-4.9896,20.0000,-36.5970,20.0000
91.320,23.0146,12.4740,20.0000,-36.7477,20.0000
91.370,23.2017,3.7422,20.0000,-36.9078,20.0000
91.420,22.7027,-9.9792,20.0000,-37.0429,20.0000
91.470,22.1414,-11.2266,20.0000,-37.1500,20.0000
91.520,22.5156,7.4844,20.0000,-37.2758,20.0000
91.570,22.8898,7.4844,20.0000,-37.4203,20.0000
91.620,22.8898,0.0000,20.0000,-37.5648,20.0000
91.670,23.2641,7.4844,20.0000,-37.7280,20.0000
91.720,23.2641,0.0000,20.0000,-37.8912,20.0000
91.770,22.3285,-18.7110,20.0000,-38.0076,20.0000
91.820,22.3285,0.0000,20.0000,-38.1240,20.0000
91.870,23.2641,18.7110,20.0000,-38.2872,20.0000
91.920,23.5759,6.2370,20.0000,-38.4660,20.0000
91.970,22.2661,-26.1954,20.0000,-38.5793,20.0000
92.020,22.7027,8.7318,20.0000,-38.7145,20.0000
92.070,23.1393,8.7318,20.0000,-38.8714,20.0000
92.120,22.5780,-11.2266,20.0000,-39.0003,20.0000
92.170,23.1393,11.2266,20.0000,-39.1573,20.0000
92.220,23.8254,13.7214,20.0000,-39.3486,20.0000
92.270,21.7048,-42.4116,20.0000,-39.4338,20.0000
92.320,22.7027,19.9584,20.0000,-39.5689,20.0000
92.370,22.7651,1.2474,20.0000,-39.7072,20.0000
92.420,22.3285,-8.7318,20.0000,-39.8236,20.0000
92.470,21.7672,-11.2266,20.0000,-39.9120,20.0000
92.520,22.5156,14.9688,20.0000,-40.0378,20.0000
92.570,22.0790,-8.7318,20.0000,-40.1417,20.0000
92.620,22.3909,6.2370,20.0000,-40.2613,20.0000
92.670,21.8919,-9.9792,20.0000,-40.3559,20.0000
92.720,20.7069,-23.7006,20.0000,-40.3912,20.0000
92.770,22.3285,32.4324,20.0000,-40.5076,20.0000
92.820,21.0187,-26.1954,20.0000,-40.5586,20.0000
92.870,21.5177,9.9792,20.0000,-40.6344,20.0000
92.920,21.9543,8.7318,20.0000,-40.7322,20.0000
92.970,21.5177,-8.7318,20.0000,-40.8080,20.0000
93.020,21.9543,8.7318,20.0000,-40.9058,20.0000
93.070,20.2703,-33.6798,20.0000,-40.9193,20.0000
93.120,20.7069,8.7318,20.0000,-40.9546,20.0000
93.170,21.0187,6.2370,20.0000,-41.0056,20.0000
93.220,20.7693,-4.9896,20.0000,-41.0440,20.0000
93.270,20.7693,0.0000,20.0000,-41.0825,20.0000
93.320,19.9584,-16.2162,20.0000,-41.0804,20.0000
93.370,20.5821,12.4740,20.0000,-41.1095,20.0000
93.420,20.5198,-1.2474,20.0000,-41.1355,20.0000
93.470,20.2703,-4.9895,20.0000,-41.1490,20.0000
93.520,19.5842,-13.7214,20.0000,-41.1282,20.0000
93.570,19.8961,6.2370,20.0000,-41.1230,20.0000
93.620,19.5219,-7.4844,20.0000,-41.0991,20.0000
93.670,19.5219,0.0000,20.0000,-41.0752,20.0000
93.720,19.3347,-3.7422,20.0000,-41.0420,20.0000
93.770,20.0208,13.7214,20.0000,-41.0430,20.0000
93.820,18.8358,-23.7006,20.0000,-40.9848,20.0000
93.870,18.7110,-2.4948,20.0000,-40.9203,20.0000
93.920,19.3971,13.7214,20.0000,-40.8902,20.0000
93.970,19.0229,-7.4844,20.0000,-40.8413,20.0000
94.020,18.8982,-2.4948,20.0000,-40.7863,20.0000
94.070,19.2100,6.2370,20.0000,-40.7468,20.0000
94.120,18.6487,-11.2266,20.0000,-40.6792,20.0000
94.170,18.6487,0.0000,20.0000,-40.6116,20.0000
94.220,18.9605,6.2370,20.0000,-40.5596,20.0000
94.270,19.5842,12.4740,20.0000,-40.5389,20.0000
94.320,19.3347,-4.9896,20.0000,-40.5056,20.0000
94.370,19.3347,0.0000,20.0000,-40.4723,20.0000
94.420,19.3971,1.2474,20.0000,-40.4422,20.0000
94.470,19.1476,-4.9895,20.0000,-40.3996,20.0000
94.520,19.5219,7.4844,20.0000,-40.3757,20.0000
94.570,19.5219,0.0000,20.0000,-40.3518,20.0000
94.620,19.3971,-2.4948,20.0000,-40.3216,20.0000
94.670,19.5219,2.4948,20.0000,-40.2977,20.0000
94.720,19.4595,-1.2474,20.0000,-40.2707,20.0000
94.770,18.9605,-9.9792,20.0000,-40.2187,20.0000
94.820,19.8961,18.7110,20.0000,-40.2135,20.0000
94.870,19.6466,-4.9896,20.0000,-40.1958,20.0000
94.920,19.7090,1.2474,20.0000,-40.1813,20.0000
94.970,19.9584,4.9896,20.0000,-40.1792,20.0000
95.020,20.5198,11.2266,20.0000,-40.2052,20.0000
95.070,20.1456,-7.4844,20.0000,-40.2125,20.0000
95.120,19.9584,-3.7422,20.0000,-40.2104,20.0000
95.170,20.2079,4.9896,20.0000,-40.2208,20.0000
95.220,20.2703,1.2474,20.0000,-40.2343,20.0000
95.270,20.8316,11.2265,20.0000,-40.2759,20.0000
95.320,21.3930,11.2266,20.0000,-40.3455,20.0000
95.370,21.0187,-7.4844,20.0000,-40.3965,20.0000
95.420,20.3950,-12.4740,20.0000,-40.4162,20.0000
95.470,20.3327,-1.2474,20.0000,-40.4329,20.0000
95.520,21.7672,28.6902,20.0000,-40.5212,20.0000
95.570,20.6445,-22.4532,20.0000,-40.5534,20.0000
95.620,19.9584,-13.7214,20.0000,-40.5514,20.0000
95.670,20.6445,13.7214,20.0000,-40.5836,20.0000
95.720,20.4574,-3.7422,20.0000,-40.6065,20.0000
95.770,20.9564,9.9792,20.0000,-40.6543,20.0000
95.820,20.3327,-12.4740,20.0000,-40.6709,20.0000
95.870,20.4574,2.4948,20.0000,-40.6938,20.0000
95.920,19.8961,-11.2266,20.0000,-40.6886,20.0000
95.970,20.9564,21.2058,20.0000,-40.7364,20.0000
96.020,20.1456,-16.2162,20.0000,-40.7437,20.0000
96.070,20.3327,3.7422,20.0000,-40.7603,20.0000
96.120,20.0208,-6.2370,20.0000,-40.7614,20.0000
96.170,20.2703,4.9896,20.0000,-40.7749,20.0000
96.220,20.6445,7.4844,20.0000,-40.8071,20.0000
96.270,20.2079,-8.7318,20.0000,-40.8175,20.0000
96.320,20.8316,12.4740,20.0000,-40.8591,20.0000
96.370,20.3950,-8.7318,20.0000,-40.8788,20.0000
96.420,20.1456,-4.9896,20.0000,-40.8861,20.0000
96.470,20.0832,-1.2474,20.0000,-40.8903,20.0000
96.520,19.7090,-7.4844,20.0000,-40.8757,20.0000
96.570,20.5198,16.2162,20.0000,-40.9017,20.0000
96.620,21.0811,11.2266,20.0000,-40.9558,20.0000
96.670,20.3950,-13.7214,20.0000,-40.9755,20.0000
96.720,20.5198,2.4948,20.0000,-41.0015,20.0000
96.770,19.8961,-12.4740,20.0000,-40.9963,20.0000
96.820,19.8961,0.0000,20.0000,-40.9911,20.0000
96.870,20.2703,7.4844,20.0000,-41.0046,20.0000
96.920,19.7713,-9.9792,20.0000,-40.9932,20.0000
96.970,20.2703,9.9792,20.0000,-41.0067,20.0000
97.020,19.8337,-8.7318,20.0000,-40.9984,20.0000
97.070,21.1435,26.1954,20.0000,-41.0556,20.0000
97.120,19.0853,-41.1642,20.0000,-41.0098,20.0000
97.170,19.6466,11.2266,20.0000,-40.9922,20.0000
97.220,20.3327,13.7214,20.0000,-41.0088,20.0000
97.270,20.2703,-1.2474,20.0000,-41.0223,20.0000
97.320,19.4595,-16.2162,20.0000,-40.9953,20.0000
97.370,21.0187,31.1850,20.0000,-41.0462,20.0000
97.420,20.0832,-18.7110,20.0000,-41.0504,20.0000
97.470,21.7672,33.6798,20.0000,-41.1387,20.0000
97.520,20.3950,-27.4428,20.0000,-41.1585,20.0000
97.570,20.2079,-3.7422,20.0000,-41.1689,20.0000
97.620,19.8961,-6.2370,20.0000,-41.1637,20.0000
97.670,20.0208,2.4948,20.0000,-41.1647,20.0000
97.720,21.0187,19.9584,20.0000,-41.2157,20.0000
97.770,20.3950,-12.4740,20.0000,-41.2354,20.0000
97.820,20.3950,0.0000,20.0000,-41.2552,20.0000
97.870,20.5821,3.7422,20.0000,-41.2843,20.0000
97.920,20.7069,2.4948,20.0000,-41.3196,20.0000
97.970,20.7069,0.0000,20.0000,-41.3550,20.0000
98.020,20.6445,-1.2474,20.0000,-41.3872,20.0000
98.070,20.8316,3.7422,20.0000,-41.4288,20.0000
98.120,21.3306,9.9792,20.0000,-41.4953,20.0000
98.170,20.6445,-13.7214,20.0000,-41.5275,20.0000
98.220,20.6445,0.0000,20.0000,-41.5597,20.0000
98.270,22.0167,27.4428,20.0000,-41.6606,20.0000
98.320,20.4574,-31.1850,20.0000,-41.6835,20.0000
98.370,20.2079,-4.9896,20.0000,-41.6938,20.0000
98.420,19.7090,-9.9792,20.0000,-41.6793,20.0000
98.470,19.9584,4.9896,20.0000,-41.6772,20.0000
98.520,20.4574,9.9792,20.0000,-41.7001,20.0000
98.570,20.7069,4.9896,20.0000,-41.7354,20.0000
98.620,19.5842,-22.4532,20.0000,-41.7146,20.0000
98.670,19.7713,3.7422,20.0000,-41.7032,20.0000
98.720,20.2703,9.9792,20.0000,-41.7167,20.0000
98.770,20.4574,3.7422,20.0000,-41.7396,20.0000
98.820,20.3950,-1.2474,20.0000,-41.7593,20.0000
98.870,20.2703,-2.4948,20.0000,-41.7729,20.0000
98.920,20.0208,-4.9896,20.0000,-41.7739,20.0000
98.970,20.3950,7.4844,20.0000,-41.7936,20.0000
99.020,19.7090,-13.7214,20.0000,-41.7791,20.0000
99.070,19.3971,-6.2370,20.0000,-41.7490,20.0000
99.120,20.2703,17.4636,20.0000,-41.7625,20.0000
99.170,20.1456,-2.4948,20.0000,-41.7697,20.0000
99.220,19.8337,-6.2370,20.0000,-41.7614,20.0000
99.270,19.9584,2.4948,20.0000,-41.7594,20.0000
99.320,19.0229,-18.7110,20.0000,-41.7105,20.0000
99.370,20.1456,22.4532,20.0000,-41.7178,20.0000
99.420,19.7090,-8.7318,20.0000,-41.7032,20.0000
99.470,19.3347,-7.4844,20.0000,-41.6700,20.0000
99.520,19.5842,4.9896,20.0000,-41.6492,20.0000
99.570,20.0208,8.7318,20.0000,-41.6502,20.0000
99.620,20.5821,11.2266,20.0000,-41.6793,20.0000
99.670,19.7090,-17.4636,20.0000,-41.6648,20.0000
99.720,19.7713,1.2474,20.0000,-41.6533,20.0000
99.770,20.7069,18.7110,20.0000,-41.6887,20.0000
99.820,20.0832,-12.4740,20.0000,-41.6928,20.0000
99.870,20.1456,1.2474,20.0000,-41.7001,20.0000
99.920,20.7069,11.2266,20.0000,-41.7355,20.0000
99.970,20.7069,0.0000,20.0000,-41.7708,20.0000
100.020,19.7713,-18.7110,20.0000,-41.7594,20.0000
100.070,20.4574,13.7214,20.0000,-41.7822,20.0000
100.120,19.0229,-28.6902,20.0000,-41.7334,20.0000
100.170,20.1456,22.4532,20.0000,-41.7407,20.0000
100.220,21.5177,27.4428,20.0000,-41.8166,20.0000
100.270,19.7090,-36.1746,20.0000,-41.8020,20.0000
100.320,21.0811,27.4428,20.0000,-41.8561,20.0000
100.370,19.8961,-23.7006,20.0000,-41.8509,20.0000
100.420,20.8940,19.9584,20.0000,-41.8956,20.0000
100.470,20.8316,-1.2474,20.0000,-41.9371,20.0000
100.520,21.1435,6.2370,20.0000,-41.9943,20.0000
100.570,20.2079,-18.7110,20.0000,-42.0047,20.0000
100.620,20.1456,-1.2474,20.0000,-42.0120,20.0000
100.670,20.6445,9.9792,20.0000,-42.0442,20.0000
100.720,20.8316,3.7422,20.0000,-42.0858,20.0000
100.770,19.8961,-18.7110,20.0000,-42.0806,20.0000
100.820,20.0832,3.7422,20.0000,-42.0848,20.0000
100.870,20.1456,1.2474,20.0000,-42.0920,20.0000
100.920,20.3327,3.7422,20.0000,-42.1087,20.0000
100.970,20.1456,-3.7422,20.0000,-42.1160,20.0000
101.020,20.3950,4.9896,20.0000,-42.1357,20.0000
101.070,19.3347,-21.2058,20.0000,-42.1024,20.0000
101.120,20.2079,17.4636,20.0000,-42.1128,20.0000
101.170,20.1456,-1.2474,20.0000,-42.1201,20.0000
101.220,19.6466,-9.9792,20.0000,-42.1024,20.0000
101.270,20.2703,12.4740,20.0000,-42.1160,20.0000
101.320,19.7713,-9.9792,20.0000,-42.1045,20.0000
101.370,19.6466,-2.4948,20.0000,-42.0869,20.0000
101.420,20.4574,16.2162,20.0000,-42.1097,20.0000
101.470,19.3347,-22.4532,20.0000,-42.0765,20.0000
101.520,20.0208,13.7214,20.0000,-42.0775,20.0000
101.570,20.1456,2.4948,20.0000,-42.0848,20.0000
101.620,19.7090,-8.7318,20.0000,-42.0702,20.0000
101.670,20.2079,9.9792,20.0000,-42.0806,20.0000
101.720,19.7713,-8.7318,20.0000,-42.0692,20.0000
101.770,20.5198,14.9688,20.0000,-42.0952,20.0000
101.820,20.0832,-8.7318,20.0000,-42.0993,20.0000
101.870,19.2100,-17.4636,20.0000,-42.0598,20.0000
101.920,19.2724,1.2474,20.0000,-42.0235,20.0000
101.970,19.3347,1.2474,20.0000,-41.9902,20.0000
102.020,20.3950,21.2058,20.0000,-42.0099,20.0000
102.070,19.4595,-18.7110,20.0000,-41.9829,20.0000
102.120,19.5219,1.2474,5.0000,-0.7261,20.0000
102.170,19.7713,4.9896,5.0000,-1.4647,5.0000
102.220,19.6466,-2.4948,5.0000,-2.1970,5.0000
102.270,20.1456,9.9792,5.0000,-2.9543,5.0000
102.320,19.8337,-6.2370,5.0000,-3.6960,5.0000
102.370,19.3971,-8.7318,5.0000,-4.4158,5.0000
102.420,19.6466,4.9896,5.0000,-5.1481,5.0000
102.470,20.0832,8.7318,5.0000,-5.9023,5.0000
102.520,20.6445,11.2266,5.0000,-6.6845,5.0000
102.570,19.2724,-27.4428,5.0000,-7.3981,5.0000
102.620,20.0208,14.9688,5.0000,-8.1492,5.0000
102.670,19.2724,-14.9688,5.0000,-8.8628,5.0000
102.720,19.8961,12.4740,5.0000,-9.6076,5.0000
102.770,19.1476,-14.9688,5.0000,-10.3150,5.0000
102.820,19.0853,-1.2474,5.0000,-11.0193,5.0000
102.870,19.4595,7.4844,5.0000,-11.7422,5.0000
102.920,19.2724,-3.7423,5.0000,-12.4559,5.0000
102.970,17.4636,-36.1745,5.0000,-13.0790,5.0000
103.020,18.0250,11.2265,5.0000,-13.7303,5.0000
103.070,17.8379,-3.7422,5.0000,-14.3722,5.0000
103.120,17.2765,-11.2266,5.0000,-14.9860,5.0000
103.170,15.9668,-26.1954,5.0000,-15.5343,5.0000
103.220,16.6528,13.7214,5.0000,-16.1170,5.0000
103.270,15.5302,-22.4532,5.0000,-16.6435,5.0000
103.320,15.2183,-6.2370,5.0000,-17.1544,5.0000
103.370,14.5323,-13.7214,5.0000,-17.6310,5.0000
103.420,13.7838,-14.9688,5.0000,-18.0702,5.0000
103.470,13.5967,-3.7422,5.0000,-18.5000,5.0000
103.520,12.5988,-19.9584,5.0000,-18.8800,5.0000
103.570,12.3493,-4.9896,5.0000,-19.2475,5.0000
103.620,11.7880,-11.2266,5.0000,-19.5869,5.0000
103.670,11.2266,-11.2266,5.0000,-19.8982,5.0000
103.720,10.6029,-12.4740,5.0000,-20.1783,5.0000
103.770,9.9792,-12.4740,5.0000,-20.4273,5.0000
103.820,9.3555,-12.4740,5.0000,-20.6451,5.0000
103.870,8.7942,-11.2266,5.0000,-20.8348,5.0000
103.920,8.1705,-12.4740,5.0000,-20.9933,5.0000
103.970,7.4221,-14.9688,5.0000,-21.1144,5.0000
104.020,6.7984,-12.4740,5.0000,-21.2043,5.0000
104.070,6.1747,-12.4740,5.0000,-21.2631,5.0000
104.120,5.5510,-12.4740,5.0000,-21.2906,5.0000
104.170,4.9273,-12.4740,5.0000,-21.2870,5.0000
104.220,4.4907,-8.7318,5.0000,-21.2615,5.0000
104.270,3.6799,-16.2162,5.0000,-21.1955,5.0000
104.320,3.1185,-11.2266,5.0000,-21.1014,5.0000
104.370,2.9314,-3.7422,5.0000,-20.9980,5.0000
104.420,2.5572,-7.4844,5.0000,-20.8759,5.0000
104.470,2.3701,-3.7422,5.0000,-20.7444,5.0000
104.520,2.4948,2.4948,5.0000,-20.6191,5.0000
104.570,2.9314,8.7318,5.0000,-20.5157,5.0000
104.620,2.9938,1.2474,5.0000,-20.4154,5.0000
104.670,3.1809,3.7422,5.0000,-20.3244,5.0000
104.720,2.8691,-6.2370,5.0000,-20.2179,5.0000
104.770,3.3680,9.9792,5.0000,-20.1363,5.0000
104.820,3.4928,2.4948,5.0000,-20.0609,5.0000
104.870,3.8670,7.4844,5.0000,-20.0042,5.0000
104.920,4.1165,4.9896,5.0000,-19.9601,5.0000
104.970,4.4907,7.4844,5.0000,-19.9346,5.0000
105.020,4.6154,2.4948,5.0000,-19.9154,5.0000
105.070,5.1144,9.9792,5.0000,-19.9211,5.0000
105.120,5.3015,3.7422,5.0000,-19.9362,5.0000
105.170,5.4886,3.7422,5.0000,-19.9606,5.0000
105.220,5.5510,1.2474,5.0000,-19.9882,5.0000
105.270,5.9252,7.4844,5.0000,-20.0344,5.0000
105.320,6.2370,6.2370,5.0000,-20.0963,5.0000
105.370,6.4865,4.9896,5.0000,-20.1706,5.0000
105.420,6.7360,4.9896,5.0000,-20.2574,5.0000
105.470,7.0479,6.2370,5.0000,-20.3598,5.0000
105.520,7.1726,2.4948,5.0000,-20.4684,5.0000
105.570,7.4844,6.2370,5.0000,-20.5926,5.0000
105.620,7.6716,3.7422,5.0000,-20.7262,5.0000
105.670,7.9834,6.2370,5.0000,-20.8754,5.0000
105.720,8.1081,2.4948,5.0000,-21.0308,5.0000
105.770,8.3576,4.9896,5.0000,-21.1987,5.0000
105.820,8.4824,2.4948,5.0000,-21.3728,5.0000
105.870,8.6071,2.4948,5.0000,-21.5531,5.0000
105.920,8.8566,4.9896,5.0000,-21.7460,5.0000
105.970,8.9813,2.4948,5.0000,-21.9450,5.0000
106.020,9.1061,2.4948,5.0000,-22.1503,5.0000
106.070,9.2308,2.4948,5.0000,-22.3619,5.0000
106.120,9.2308,0.0000,5.0000,-22.5734,5.0000
106.170,9.4179,3.7422,5.0000,-22.7943,5.0000
106.220,9.2308,-3.7422,5.0000,-23.0059,5.0000
106.270,9.3555,2.4948,5.0000,-23.2236,5.0000
106.320,9.1061,-4.9896,5.0000,-23.4289,5.0000
106.370,9.1061,0.0000,5.0000,-23.6342,5.0000
106.420,9.0437,-1.2474,5.0000,-23.8364,5.0000
106.470,8.9190,-2.4948,5.0000,-24.0324,5.0000
106.520,8.9190,0.0000,5.0000,-24.2283,5.0000
106.570,8.7942,-2.4948,5.0000,-24.4180,5.0000
106.620,8.6695,-2.4948,5.0000,-24.6015,5.0000
106.670,8.4824,-3.7422,5.0000,-24.7756,5.0000
106.720,8.2953,-3.7422,5.0000,-24.9404,5.0000
106.770,8.2329,-1.2474,5.0000,-25.1020,5.0000
106.820,7.9210,-6.2370,5.0000,-25.2481,5.0000
106.870,7.7339,-3.7422,5.0000,-25.3848,5.0000
106.920,7.6716,-1.2474,5.0000,-25.5184,5.0000
106.970,7.3597,-6.2370,5.0000,-25.6364,5.0000
107.020,7.2350,-2.4948,5.0000,-25.7481,5.0000
107.070,7.0479,-3.7422,5.0000,-25.8505,5.0000
107.120,6.8607,-3.7422,5.0000,-25.9435,5.0000
107.170,6.6113,-4.9896,5.0000,-26.0241,5.0000
107.220,6.4242,-3.7422,5.0000,-26.0953,5.0000
107.270,6.1747,-4.9896,5.0000,-26.1540,5.0000
107.320,5.8005,-7.4844,5.0000,-26.1941,5.0000
107.370,5.6757,-2.4948,5.0000,-26.2279,5.0000
107.420,5.6133,-1.2474,5.0000,-26.2585,5.0000
107.470,5.4262,-3.7422,5.0000,-26.2798,5.0000
107.520,5.3015,-2.4948,5.0000,-26.2949,5.0000
107.570,5.2391,-1.2474,5.0000,-26.3069,5.0000
107.620,5.0520,-3.7422,5.0000,-26.3095,5.0000
107.670,4.8025,-4.9896,5.0000,-26.2996,5.0000
107.720,4.6154,-3.7422,5.0000,-26.2804,5.0000
107.770,4.4283,-3.7422,5.0000,-26.2518,5.0000
107.820,4.1788,-4.9896,5.0000,-26.2107,5.0000
107.870,4.1788,0.0000,5.0000,-26.1696,5.0000
107.920,3.8670,-6.2370,5.0000,-26.1130,5.0000
107.970,3.9294,1.2474,5.0000,-26.0595,5.0000
108.020,3.8046,-2.4948,5.0000,-25.9997,5.0000
108.070,3.6175,-3.7422,5.0000,-25.9306,5.0000
108.120,3.3680,-4.9896,5.0000,-25.8490,5.0000
108.170,3.3057,-1.2474,5.0000,-25.7643,5.0000
108.220,3.1185,-3.7422,5.0000,-25.6702,5.0000
108.270,2.9314,-3.7422,5.0000,-25.5668,5.0000
108.320,2.7443,-3.7422,5.0000,-25.4540,5.0000
108.370,2.9938,4.9896,5.0000,-25.3537,5.0000
108.420,3.1185,2.4948,5.0000,-25.2596,5.0000
108.470,3.1185,0.0000,5.0000,-25.1655,5.0000
108.520,3.0562,-1.2474,5.0000,-25.0683,5.0000
108.570,2.9938,-1.2474,5.0000,-24.9680,5.0000
108.620,2.8691,-2.4948,5.0000,-24.8615,5.0000
108.670,3.1185,4.9896,5.0000,-24.7674,5.0000
108.720,2.9314,-3.7422,5.0000,-24.6640,5.0000
108.770,2.9314,0.0000,5.0000,-24.5605,5.0000
108.820,2.9314,0.0000,5.0000,-24.4571,5.0000
108.870,2.9314,0.0000,5.0000,-24.3537,5.0000
108.920,2.8067,-2.4948,5.0000,-24.2440,5.0000
108.970,2.8067,0.0000,5.0000,-24.1343,5.0000
109.020,2.8691,1.2474,5.0000,-24.0278,5.0000
109.070,2.9938,2.4948,5.0000,-23.9275,5.0000
109.120,2.8067,-3.7422,5.0000,-23.8178,5.0000
109.170,2.9314,2.4948,5.0000,-23.7144,5.0000
109.220,2.8691,-1.2474,5.0000,-23.6078,5.0000
109.270,2.9938,2.4948,5.0000,-23.5075,5.0000
109.320,2.9314,-1.2474,5.0000,-23.4041,5.0000
109.370,2.9314,0.0000,5.0000,-23.3007,5.0000
109.420,2.9314,0.0000,5.0000,-23.1972,5.0000
109.470,3.1185,3.7422,5.0000,-23.1032,5.0000
109.520,3.0562,-1.2474,5.0000,-23.0060,5.0000
109.570,2.9314,-2.4948,5.0000,-22.9025,5.0000
109.620,2.8691,-1.2474,5.0000,-22.7960,5.0000
109.670,3.1185,4.9896,5.0000,-22.7019,5.0000
109.720,3.0562,-1.2474,5.0000,-22.6047,5.0000
109.770,3.0562,0.0000,5.0000,-22.5075,5.0000
109.820,3.1185,1.2474,5.0000,-22.4135,5.0000
109.870,3.2433,2.4948,5.0000,-22.3256,5.0000
109.920,2.9938,-4.9896,5.0000,-22.2253,5.0000
109.970,3.0562,1.2474,5.0000,-22.1281,5.0000
110.020,2.7443,-6.2370,5.0000,-22.0154,5.0000
110.070,2.7443,0.0000,5.0000,-21.9026,5.0000
110.120,2.9314,3.7422,5.0000,-21.7991,5.0000
110.170,2.8691,-1.2474,5.0000,-21.6926,5.0000
110.220,3.0562,3.7422,5.0000,-21.5954,5.0000
110.270,3.2433,3.7422,5.0000,-21.5076,5.0000
110.320,3.2433,0.0000,5.0000,-21.4197,5.0000
110.370,3.3057,1.2474,5.0000,-21.3350,5.0000
110.420,3.4928,3.7422,5.0000,-21.2597,5.0000
110.470,3.4304,-1.2474,5.0000,-21.1812,5.0000
110.520,3.4928,1.2474,5.0000,-21.1058,5.0000
110.570,3.6175,2.4948,5.0000,-21.0367,5.0000
110.620,3.5551,-1.2474,5.0000,-20.9644,5.0000
110.670,3.6799,2.4948,5.0000,-20.8984,5.0000
110.720,3.7422,1.2474,5.0000,-20.8356,5.0000
110.770,3.8046,1.2474,5.0000,-20.7758,5.0000
110.820,3.7422,-1.2474,5.0000,-20.7129,5.0000
110.870,3.8670,2.4948,5.0000,-20.6562,5.0000
110.920,3.8046,-1.2474,5.0000,-20.5965,5.0000
110.970,3.7422,-1.2474,5.0000,-20.5336,5.0000
111.020,3.8046,1.2474,5.0000,-20.4738,5.0000
111.070,3.8046,0.0000,5.0000,-20.4140,5.0000
111.120,4.0541,4.9896,5.0000,-20.3667,5.0000
111.170,4.0541,0.0000,5.0000,-20.3195,5.0000
111.220,4.1165,1.2474,5.0000,-20.2753,5.0000
111.270,4.1788,1.2474,5.0000,-20.2342,5.0000
111.320,4.3036,2.4948,5.0000,-20.1994,5.0000
111.370,4.3036,0.0000,5.0000,-20.1646,5.0000
111.420,4.3659,1.2474,5.0000,-20.1329,5.0000
111.470,4.4283,1.2474,5.0000,-20.1043,5.0000
111.520,4.4283,0.0000,5.0000,-20.0757,5.0000
111.570,4.4907,1.2474,5.0000,-20.0502,5.0000
111.620,4.5531,1.2474,5.0000,-20.0279,5.0000
111.670,4.6778,2.4948,5.0000,-20.0118,5.0000
111.720,4.7402,1.2474,5.0000,-19.9988,5.0000
111.770,4.7402,0.0000,5.0000,-19.9858,5.0000
111.820,4.8649,2.4948,5.0000,-19.9791,5.0000
111.870,4.9273,1.2474,5.0000,-19.9754,5.0000
111.920,4.9273,0.0000,5.0000,-19.9718,5.0000
111.970,5.0520,2.4948,5.0000,-19.9744,5.0000
112.020,4.9896,-1.2474,5.0000,-19.9739,5.0000
112.070,5.1144,2.4948,5.0000,-19.9796,5.0000
112.120,5.1144,0.0000,5.0000,-19.9853,5.0000
112.170,5.1144,0.0000,5.0000,-19.9910,5.0000
112.220,5.1768,1.2474,5.0000,-19.9999,5.0000
112.270,5.1144,-1.2474,5.0000,-20.0056,5.0000
112.320,5.2391,2.4948,5.0000,-20.0175,5.0000
112.370,5.1768,-1.2474,5.0000,-20.0264,5.0000
112.420,5.1144,-1.2474,5.0000,-20.0321,5.0000
112.470,5.1768,1.2474,5.0000,-20.0409,5.0000
112.520,5.1144,-1.2474,5.0000,-20.0467,5.0000
112.570,5.1144,0.0000,5.0000,-20.0524,5.0000
112.620,4.9896,-2.4948,5.0000,-20.0519,5.0000
112.670,4.9896,0.0000,5.0000,-20.0513,5.0000
112.720,4.9896,0.0000,5.0000,-20.0508,5.0000
112.770,5.0520,1.2474,5.0000,-20.0534,5.0000
112.820,4.9273,-2.4948,5.0000,-20.0498,5.0000
112.870,4.9896,1.2474,5.0000,-20.0493,5.0000
112.920,4.8649,-2.4948,5.0000,-20.0425,5.0000
112.970,4.9273,1.2474,5.0000,-20.0389,5.0000
113.020,4.9273,0.0000,5.0000,-20.0352,5.0000
113.070,4.9896,1.2474,5.0000,-20.0347,5.0000
113.120,4.8649,-2.4948,5.0000,-20.0280,5.0000
113.170,4.8649,0.0000,5.0000,-20.0212,5.0000
113.220,4.8025,-1.2474,5.0000,-20.0113,5.0000
113.270,4.9273,2.4948,5.0000,-20.0077,5.0000
113.320,4.9273,0.0000,5.0000,-20.0041,5.0000
113.370,4.9273,0.0000,5.0000,-20.0004,5.0000
113.420,4.8649,-1.2474,5.0000,-19.9937,5.0000
113.470,4.9273,1.2474,5.0000,-19.9900,5.0000
113.520,4.9273,0.0000,5.0000,-19.9864,5.0000
113.570,4.9273,0.0000,5.0000,-19.9828,5.0000
113.620,4.8025,-2.4948,5.0000,-19.9729,5.0000
113.670,4.9273,2.4948,5.0000,-19.9693,5.0000
113.720,4.8025,-2.4948,5.0000,-19.9594,5.0000
113.770,4.8649,1.2474,5.0000,-19.9526,5.0000
113.820,4.9273,1.2474,5.0000,-19.9490,5.0000
113.870,4.9273,0.0000,5.0000,-19.9454,5.0000
113.920,4.9273,0.0000,5.0000,-19.9417,5.0000
113.970,4.9273,0.0000,5.0000,-19.9381,5.0000
114.020,4.8649,-1.2474,5.0000,-19.9313,5.0000
114.070,4.8649,0.0000,5.0000,-19.9246,5.0000
114.120,4.8649,0.0000,5.0000,-19.9178,5.0000
114.170,4.9273,1.2474,5.0000,-19.9142,5.0000
114.220,4.9273,0.0000,5.0000,-19.9106,5.0000
114.270,4.9273,0.0000,5.0000,-19.9069,5.0000
114.320,4.9273,0.0000,5.0000,-19.9033,5.0000
114.370,4.8025,-2.4948,5.0000,-19.8934,5.0000
114.420,4.8649,1.2474,5.0000,-19.8867,5.0000
114.470,4.9896,2.4948,5.0000,-19.8861,5.0000
114.520,4.8649,-2.4948,5.0000,-19.8794,5.0000
114.570,4.8649,0.0000,5.0000,-19.8726,5.0000
114.620,4.9273,1.2474,5.0000,-19.8690,5.0000
114.670,4.8649,-1.2474,5.0000,-19.8622,5.0000
114.720,4.8025,-1.2474,5.0000,-19.8524,5.0000
114.770,4.9273,2.4948,5.0000,-19.8487,5.0000
114.820,4.9273,0.0000,5.0000,-19.8451,5.0000
114.870,4.9273,0.0000,5.0000,-19.8415,5.0000
114.920,4.9273,0.0000,5.0000,-19.8378,5.0000
114.970,4.8649,-1.2474,5.0000,-19.8311,5.0000
115.020,4.8025,-1.2474,5.0000,-19.8212,5.0000
115.070,4.9896,3.7422,5.0000,-19.8207,5.0000
115.120,4.8649,-2.4948,5.0000,-19.8139,5.0000
115.170,4.8025,-1.2474,5.0000,-19.8040,5.0000
115.220,4.9273,2.4948,5.0000,-19.8004,5.0000
115.270,4.8649,-1.2474,5.0000,-19.7936,5.0000
115.320,4.8025,-1.2474,5.0000,-19.7838,5.0000
115.370,4.9273,2.4948,5.0000,-19.7801,5.0000
115.420,4.8025,-2.4948,5.0000,-19.7703,5.0000
115.470,4.8025,0.0000,5.0000,-19.7604,5.0000
115.520,4.8649,1.2474,5.0000,-19.7536,5.0000
115.570,4.9273,1.2474,5.0000,-19.7500,5.0000
115.620,4.9273,0.0000,5.0000,-19.7464,5.0000
115.670,4.9896,1.2474,5.0000,-19.7458,5.0000
115.720,4.9896,0.0000,5.0000,-19.7453,5.0000
115.770,4.8649,-2.4948,5.0000,-19.7386,5.0000
115.820,4.9896,2.4948,5.0000,-19.7380,5.0000
115.870,4.8025,-3.7422,5.0000,-19.7282,5.0000
115.920,4.9273,2.4948,5.0000,-19.7245,5.0000
115.970,4.9273,0.0000,5.0000,-19.7209,5.0000
116.020,4.8649,-1.2474,5.0000,-19.7141,5.0000
116.070,4.8649,0.0000,5.0000,-19.7074,5.0000
116.120,4.8649,0.0000,5.0000,-19.7006,5.0000
116.170,4.8649,0.0000,5.0000,-19.6939,5.0000
116.220,4.8649,0.0000,5.0000,-19.6871,5.0000
116.270,4.9273,1.2474,5.0000,-19.6835,5.0000
116.320,4.8025,-2.4948,5.0000,-19.6736,5.0000
116.370,4.8649,1.2474,5.0000,-19.6669,5.0000
116.420,4.8025,-1.2474,5.0000,-19.6570,5.0000
116.470,4.9273,2.4948,5.0000,-19.6534,5.0000
116.520,4.9273,0.0000,5.0000,-19.6497,5.0000
116.570,4.8649,-1.2474,5.0000,-19.6430,5.0000
116.620,4.9273,1.2474,5.0000,-19.6393,5.0000
116.670,4.7402,-3.7422,5.0000,-19.6263,5.0000
116.720,4.8649,2.4948,5.0000,-19.6196,5.0000
116.770,4.8649,0.0000,5.0000,-19.6128,5.0000
116.820,4.9273,1.2474,5.0000,-19.6092,5.0000
116.870,4.9896,1.2474,5.0000,-19.6087,5.0000
116.920,4.8025,-3.7422,5.0000,-19.5988,5.0000
116.970,4.8649,1.2474,5.0000,-19.5920,5.0000
117.020,4.8649,0.0000,5.0000,-19.5853,5.0000
117.070,4.9896,2.4948,5.0000,-19.5848,5.0000
117.120,4.9273,-1.2474,5.0000,-19.5811,5.0000
117.170,4.9273,0.0000,5.0000,-19.5775,5.0000
117.220,4.8649,-1.2474,5.0000,-19.5707,5.0000
117.270,4.8649,0.0000,5.0000,-19.5640,5.0000
117.320,4.8025,-1.2474,5.0000,-19.5541,5.0000
117.370,4.9273,2.4948,5.0000,-19.5505,5.0000
117.420,4.8649,-1.2474,5.0000,-19.5437,5.0000
117.470,4.8025,-1.2474,5.0000,-19.5338,5.0000
117.520,4.9273,2.4948,5.0000,-19.5302,5.0000
117.570,4.9273,0.0000,5.0000,-19.5266,5.0000
117.620,4.8649,-1.2474,5.0000,-19.5198,5.0000
117.670,4.9273,1.2474,5.0000,-19.5162,5.0000
117.720,4.8649,-1.2474,5.0000,-19.5094,5.0000
117.770,4.8025,-1.2474,5.0000,-19.4996,5.0000
117.820,4.8649,1.2474,5.0000,-19.4928,5.0000
117.870,4.8649,0.0000,5.0000,-19.4860,5.0000
117.920,4.9273,1.2474,5.0000,-19.4824,5.0000
117.970,4.8649,-1.2474,5.0000,-19.4757,5.0000
118.020,4.8649,0.0000,5.0000,-19.4689,5.0000
118.070,4.8649,0.0000,5.0000,-19.4621,5.0000
118.120,4.8649,0.0000,5.0000,-19.4554,5.0000
118.170,4.9273,1.2474,5.0000,-19.4518,5.0000
118.220,4.8649,-1.2474,5.0000,-19.4450,5.0000
118.270,4.9273,1.2474,5.0000,-19.4414,5.0000
118.320,4.8025,-2.4948,5.0000,-19.4315,5.0000
118.370,4.8025,0.0000,5.0000,-19.4216,5.0000
118.420,4.9273,2.4948,5.0000,-19.4180,5.0000
118.470,4.8025,-2.4948,5.0000,-19.4081,5.0000
118.520,4.8025,0.0000,5.0000,-19.3982,5.0000
118.570,4.8649,1.2474,5.0000,-19.3915,5.0000
118.620,4.8649,0.0000,5.0000,-19.3847,5.0000
118.670,4.9273,1.2474,5.0000,-19.3811,5.0000
118.720,4.8649,-1.2474,5.0000,-19.3743,5.0000
118.770,4.8649,0.0000,10.0000,0.2568,10.0000
118.820,4.8649,0.0000,10.0000,0.5135,10.0000
118.870,4.8649,0.0000,10.0000,0.7703,10.0000
118.920,4.9273,1.2474,10.0000,1.0239,10.0000
118.970,4.8649,-1.2474,10.0000,1.2807,10.0000
119.020,4.8649,0.0000,10.0000,1.5374,10.0000
119.070,4.9896,2.4948,10.0000,1.7879,10.0000
119.120,4.9273,-1.2474,10.0000,2.0416,10.0000
119.170,5.0520,2.4948,10.0000,2.2890,10.0000
119.220,5.0520,0.0000,10.0000,2.5364,10.0000
119.270,5.1768,2.4948,10.0000,2.7775,10.0000
119.320,5.1144,-1.2474,10.0000,3.0218,10.0000
119.370,5.1768,1.2474,10.0000,3.2630,10.0000
119.420,5.1768,0.0000,10.0000,3.5041,10.0000
119.470,5.2391,1.2474,10.0000,3.7422,10.0000
119.520,5.3015,1.2474,10.0000,3.9771,10.0000
119.570,5.4262,2.4948,10.0000,4.2058,10.0000
119.620,5.4262,0.0000,10.0000,4.4345,10.0000
119.670,5.4886,1.2474,10.0000,4.6600,10.0000
119.720,5.6757,3.7422,10.0000,4.8763,10.0000
119.770,5.6757,0.0000,10.0000,5.0925,10.0000
119.820,6.2370,11.2266,10.0000,5.2806,10.0000
119.870,6.6113,7.4844,10.0000,5.4501,10.0000
119.920,6.7984,3.7422,10.0000,5.6101,10.0000
119.970,7.0479,4.9896,10.0000,5.7577,10.0000
120.020,7.2350,3.7422,10.0000,5.8960,10.0000
120.070,7.5468,6.2370,10.0000,6.0187,10.0000
120.120,7.7963,4.9896,10.0000,6.1288,10.0000
120.170,8.1705,7.4844,10.0000,6.2203,10.0000
120.220,8.4200,4.9896,10.0000,6.2993,10.0000
120.270,8.8566,8.7318,10.0000,6.3565,10.0000
120.320,9.1684,6.2370,10.0000,6.3981,10.0000
120.370,9.6050,8.7318,10.0000,6.4178,10.0000
120.420,9.9169,6.2370,10.0000,6.4220,10.0000
120.470,10.0416,2.4948,10.0000,6.4199,10.0000
120.520,10.4782,8.7318,10.0000,6.3960,10.0000
120.570,11.0395,11.2266,10.0000,6.3440,10.0000
120.620,11.1643,2.4948,10.0000,6.2858,10.0000
120.670,11.4138,4.9896,10.0000,6.2151,10.0000
120.720,11.7256,6.2370,10.0000,6.1288,10.0000
120.770,11.9751,4.9896,10.0000,6.0301,10.0000
120.820,12.2869,6.2370,10.0000,5.9157,10.0000
120.870,12.9730,13.7214,10.0000,5.7671,10.0000
120.920,13.4096,8.7318,10.0000,5.5966,10.0000
120.970,13.4096,0.0000,10.0000,5.4261,10.0000
121.020,13.8462,8.7318,10.0000,5.2338,10.0000
121.070,13.9086,1.2474,10.0000,5.0384,10.0000
121.120,13.9086,0.0000,10.0000,4.8429,10.0000
121.170,14.9065,19.9584,10.0000,4.5976,10.0000
121.220,14.5323,-7.4844,10.0000,4.3710,10.0000
121.270,15.5302,19.9584,10.0000,4.0945,10.0000
121.320,15.2807,-4.9896,10.0000,3.8305,10.0000
121.370,15.8420,11.2266,10.0000,3.5384,10.0000
121.420,15.7173,-2.4948,10.0000,3.2525,10.0000
121.470,16.6528,18.7110,10.0000,2.9199,10.0000
121.520,16.9023,4.9896,10.0000,2.5747,10.0000
121.570,16.8399,-1.2474,10.0000,2.2327,10.0000
121.620,17.4636,12.4740,10.0000,1.8596,10.0000
121.670,17.5260,1.2474,10.0000,1.4833,10.0000
121.720,18.2121,13.7214,10.0000,1.0727,10.0000
121.770,18.2745,1.2474,10.0000,0.6589,10.0000
121.820,18.1497,-2.4948,10.0000,0.2514,10.0000
121.870,18.1497,0.0000,10.0000,-0.1560,10.0000
121.920,18.6487,9.9792,10.0000,-0.5885,10.0000
121.970,19.2724,12.4740,10.0000,-1.0521,10.0000
122.020,18.8982,-7.4844,10.0000,-1.4970,10.0000
122.070,19.7713,17.4636,10.0000,-1.9856,10.0000
122.120,19.7090,-1.2474,10.0000,-2.4710,10.0000
122.170,19.8337,2.4948,10.0000,-2.9627,10.0000
122.220,20.3950,11.2266,10.0000,-3.4825,10.0000
122.270,20.0208,-7.4844,10.0000,-3.9835,10.0000
122.320,19.8961,-2.4948,10.0000,-4.4783,10.0000
122.370,20.2079,6.2370,10.0000,-4.9887,10.0000
122.420,20.5821,7.4844,10.0000,-5.5178,10.0000
122.470,19.7090,-17.4636,10.0000,-6.0032,10.0000
122.520,19.9584,4.9896,10.0000,-6.5012,10.0000
122.570,19.0853,-17.4636,10.0000,-6.9554,10.0000
122.620,20.5821,29.9376,10.0000,-7.4845,10.0000
122.670,20.3950,-3.7422,10.0000,-8.0043,10.0000
122.720,20.0208,-7.4844,10.0000,-8.5053,10.0000
122.770,19.7090,-6.2370,10.0000,-8.9908,10.0000
122.820,18.9605,-14.9688,10.0000,-9.4388,10.0000
122.870,19.9584,19.9584,10.0000,-9.9367,10.0000
122.920,17.7755,-43.6590,10.0000,-10.3255,10.0000
122.970,18.8358,21.2058,10.0000,-10.7673,10.0000
123.020,18.4616,-7.4844,10.0000,-11.1904,10.0000
123.070,18.5863,2.4948,10.0000,-11.6197,10.0000
123.120,17.5260,-21.2058,10.0000,-11.9960,10.0000
123.170,17.4636,-1.2474,10.0000,-12.3692,10.0000
123.220,17.0894,-7.4844,10.0000,-12.7236,10.0000
123.270,16.9647,-2.4948,10.0000,-13.0719,10.0000
123.320,16.5905,-7.4844,10.0000,-13.4014,10.0000
123.370,15.9668,-12.4740,10.0000,-13.6997,10.0000
123.420,15.5302,-8.7318,10.0000,-13.9762,10.0000
123.470,14.8441,-13.7214,10.0000,-14.2185,10.0000
123.520,14.7817,-1.2474,10.0000,-14.4575,10.0000
123.570,14.2828,-9.9792,10.0000,-14.6717,10.0000
123.620,13.9709,-6.2370,10.0000,-14.8702,10.0000
123.670,13.4096,-11.2266,10.0000,-15.0407,10.0000
123.720,13.1601,-4.9896,10.0000,-15.1987,10.0000
123.770,12.6612,-9.9792,10.0000,-15.3318,10.0000
123.820,12.7859,2.4948,10.0000,-15.4711,10.0000
123.870,12.1622,-12.4740,10.0000,-15.5792,10.0000
123.920,11.6632,-9.9792,10.0000,-15.6623,10.0000
123.970,11.0395,-12.4740,10.0000,-15.7143,10.0000
124.020,10.4782,-11.2266,10.0000,-15.7382,10.0000
124.070,10.2287,-4.9896,10.0000,-15.7497,10.0000
124.120,9.7298,-9.9792,10.0000,-15.7361,10.0000
124.170,9.4803,-4.9896,10.0000,-15.7102,10.0000
124.220,9.1684,-6.2370,10.0000,-15.6686,10.0000
124.270,8.9813,-3.7422,10.0000,-15.6176,10.0000
124.320,8.4200,-11.2266,10.0000,-15.5386,10.0000
124.370,8.1705,-4.9896,10.0000,-15.4472,10.0000
124.420,7.6092,-11.2266,10.0000,-15.3276,10.0000
124.470,7.4221,-3.7422,10.0000,-15.1987,10.0000
124.520,7.0479,-7.4844,10.0000,-15.0511,10.0000
124.570,6.9855,-1.2474,10.0000,-14.9004,10.0000
124.620,6.5489,-8.7318,10.0000,-14.7278,10.0000
124.670,6.4242,-2.4948,10.0000,-14.5491,10.0000
124.720,6.2370,-3.7422,10.0000,-14.3609,10.0000
124.770,5.9876,-4.9896,10.0000,-14.1603,10.0000
124.820,5.8628,-2.4948,10.0000,-13.9534,10.0000
124.870,5.8628,0.0000,10.0000,-13.7466,10.0000
124.920,5.7381,-2.4948,10.0000,-13.5335,10.0000
124.970,5.6757,-1.2474,10.0000,-13.3173,10.0000
125.020,5.6133,-1.2474,10.0000,-13.0979,10.0000
125.070,5.4886,-2.4948,10.0000,-12.8724,10.0000
125.120,5.5510,1.2474,10.0000,-12.6499,10.0000
125.170,5.5510,0.0000,10.0000,-12.4275,10.0000
125.220,5.4886,-1.2474,10.0000,-12.2019,10.0000
125.270,5.6133,2.4948,10.0000,-11.9825,10.0000
125.320,5.6133,0.0000,10.0000,-11.7632,10.0000
125.370,5.6757,1.2474,10.0000,-11.5470,10.0000
125.420,5.7381,1.2474,10.0000,-11.3339,10.0000
125.470,5.8005,1.2474,10.0000,-11.1239,10.0000
125.520,5.9252,2.4948,10.0000,-10.9202,10.0000
125.570,5.9252,0.0000,10.0000,-10.7164,10.0000
125.620,6.0499,2.4948,10.0000,-10.5189,10.0000
125.670,6.1747,2.4948,10.0000,-10.3277,10.0000
125.720,6.2994,2.4948,10.0000,-10.1426,10.0000
125.770,6.6113,6.2370,10.0000,-9.9732,10.0000
125.820,6.6736,1.2474,10.0000,-9.8069,10.0000
125.870,6.9231,4.9896,10.0000,-9.6530,10.0000
125.920,7.1102,3.7422,10.0000,-9.5086,10.0000
125.970,7.5468,8.7318,10.0000,-9.3859,10.0000
126.020,7.6716,2.4948,10.0000,-9.2695,10.0000
126.070,7.9210,4.9896,10.0000,-9.1655,10.0000
126.120,8.2329,6.2370,10.0000,-9.0772,10.0000
126.170,8.4200,3.7422,10.0000,-8.9982,10.0000
126.220,8.7318,6.2370,10.0000,-8.9348,10.0000
126.270,9.0437,6.2370,10.0000,-8.8869,10.0000
126.320,9.1684,2.4948,10.0000,-8.8454,10.0000
126.370,9.2932,2.4948,10.0000,-8.8100,10.0000
126.420,9.6674,7.4844,10.0000,-8.7934,10.0000
126.470,9.8545,3.7422,10.0000,-8.7861,10.0000
126.520,10.1664,6.2370,10.0000,-8.7944,10.0000
126.570,10.3535,3.7422,10.0000,-8.8121,10.0000
126.620,10.6029,4.9896,10.0000,-8.8423,10.0000
126.670,10.6653,1.2474,10.0000,-8.8755,10.0000
126.720,10.8524,3.7422,10.0000,-8.9181,10.0000
126.770,10.9772,2.4948,10.0000,-8.9670,10.0000
126.820,11.0395,1.2474,10.0000,-9.0190,10.0000
126.870,11.4138,7.4844,10.0000,-9.0897,10.0000
126.920,11.7256,6.2370,10.0000,-9.1760,10.0000
126.970,11.9751,4.9896,10.0000,-9.2747,10.0000
127.020,12.3493,7.4844,10.0000,-9.3922,10.0000
127.070,12.4740,2.4948,10.0000,-9.5159,10.0000
127.120,12.5364,1.2474,10.0000,-9.6427,10.0000
127.170,12.7235,3.7422,10.0000,-9.7789,10.0000
127.220,12.9106,3.7422,10.0000,-9.9244,10.0000
127.270,13.1601,4.9896,10.0000,-10.0824,10.0000
127.320,13.3472,3.7422,10.0000,-10.2498,10.0000
127.370,13.5967,4.9896,10.0000,-10.4296,10.0000
127.420,13.4096,-3.7422,10.0000,-10.6001,10.0000
127.470,13.3472,-1.2474,10.0000,-10.7674,10.0000
127.520,13.5967,4.9896,10.0000,-10.9473,10.0000
127.570,13.7838,3.7422,10.0000,-11.1365,10.0000
127.620,13.5343,-4.9896,10.0000,-11.3132,10.0000
127.670,13.9086,7.4844,10.0000,-11.5086,10.0000
127.720,13.9086,0.0000,10.0000,-11.7040,10.0000
127.770,14.1580,4.9896,10.0000,-11.9119,10.0000
127.820,14.1580,0.0000,10.0000,-12.1198,10.0000
127.870,14.2828,2.4948,10.0000,-12.3340,10.0000
127.920,14.0333,-4.9896,10.0000,-12.5356,10.0000
127.970,14.4075,7.4844,10.0000,-12.7560,10.0000
128.020,14.0957,-6.2370,10.0000,-12.9608,10.0000
128.070,14.2204,2.4948,10.0000,-13.1718,10.0000
128.120,14.0957,-2.4948,10.0000,-13.3766,10.0000
128.170,14.2204,2.4948,10.0000,-13.5876,10.0000
128.220,14.4699,4.9896,10.0000,-13.8111,10.0000
128.270,13.7838,-13.7214,10.0000,-14.0003,10.0000
128.320,13.7838,0.0000,10.0000,-14.1895,10.0000
128.370,13.8462,1.2474,10.0000,-14.3818,10.0000
128.420,13.5967,-4.9896,10.0000,-14.5616,10.0000
128.470,13.5967,0.0000,10.0000,-14.7415,10.0000
128.520,13.7838,3.7422,10.0000,-14.9307,10.0000
128.570,13.7838,0.0000,10.0000,-15.1199,10.0000
128.620,13.5967,-3.7422,10.0000,-15.2997,10.0000
128.670,13.7214,2.4948,10.0000,-15.4858,10.0000
128.720,13.5967,-2.4948,10.0000,-15.6656,10.0000
128.770,13.7838,3.7422,10.0000,-15.8548,10.0000
128.820,13.1601,-12.4740,10.0000,-16.0128,10.0000
128.870,13.5343,7.4844,10.0000,-16.1895,10.0000
128.920,13.3472,-3.7422,10.0000,-16.3569,10.0000
128.970,13.2849,-1.2474,10.0000,-16.5211,10.0000
129.020,13.3472,1.2474,10.0000,-16.6885,10.0000
129.070,13.0354,-6.2370,10.0000,-16.8402,10.0000
129.120,12.8483,-3.7422,10.0000,-16.9827,10.0000
129.170,12.9730,2.4948,10.0000,-17.1313,10.0000
129.220,12.7235,-4.9896,10.0000,-17.2675,10.0000
129.270,12.4740,-4.9896,10.0000,-17.3912,10.0000
129.320,12.5988,2.4948,10.0000,-17.5211,10.0000
129.370,12.4740,-2.4948,10.0000,-17.6448,10.0000
129.420,12.4740,0.0000,10.0000,-17.7685,10.0000
129.470,12.1622,-6.2370,10.0000,-17.8766,10.0000
129.520,11.8503,-6.2370,10.0000,-17.9692,10.0000
129.570,11.6009,-4.9896,10.0000,-18.0492,10.0000
129.620,11.6632,1.2474,10.0000,-18.1324,10.0000
129.670,11.4761,-3.7422,10.0000,-18.2062,10.0000
129.720,11.3514,-2.4948,10.0000,-18.2737,10.0000
129.770,11.2266,-2.4948,10.0000,-18.3351,10.0000
129.820,11.1643,-1.2474,10.0000,-18.3933,10.0000
129.870,10.9772,-3.7422,10.0000,-18.4421,10.0000
129.920,10.6653,-6.2370,10.0000,-18.4754,10.0000
129.970,10.9148,4.9896,10.0000,-18.5211,10.0000
130.020,10.5406,-7.4844,10.0000,-18.5482,10.0000
130.070,10.4158,-2.4948,10.0000,-18.5690,10.0000
130.120,10.2911,-2.4948,10.0000,-18.5835,10.0000
130.170,10.0416,-4.9896,10.0000,-18.5856,10.0000
130.220,9.9169,-2.4948,10.0000,-18.5814,10.0000
130.270,9.7921,-2.4948,10.0000,-18.5710,10.0000
130.320,9.4803,-6.2370,10.0000,-18.5451,10.0000
130.370,9.3555,-2.4948,10.0000,-18.5128,10.0000
130.420,9.4179,1.2474,10.0000,-18.4837,10.0000
130.470,9.1684,-4.9896,10.0000,-18.4422,10.0000
130.520,9.1061,-1.2474,10.0000,-18.3975,10.0000
130.570,9.1684,1.2474,10.0000,-18.3559,10.0000
130.620,8.8566,-6.2370,10.0000,-18.2987,10.0000
130.670,8.8566,0.0000,10.0000,-18.2415,10.0000
130.720,8.7318,-2.4948,10.0000,-18.1781,10.0000
130.770,8.7318,0.0000,10.0000,-18.1147,10.0000
130.820,8.5447,-3.7422,10.0000,-18.0420,10.0000
130.870,8.5447,0.0000,10.0000,-17.9692,10.0000
130.920,8.5447,0.0000,10.0000,-17.8964,10.0000
130.970,8.4200,-2.4948,10.0000,-17.8174,10.0000
131.020,8.3576,-1.2474,10.0000,-17.7353,10.0000
131.070,8.3576,0.0000,10.0000,-17.6532,10.0000
131.120,8.3576,0.0000,10.0000,-17.5711,10.0000
131.170,8.3576,0.0000,10.0000,-17.4889,10.0000
131.220,8.4200,1.2474,10.0000,-17.4099,10.0000
131.270,8.3576,-1.2474,10.0000,-17.3278,10.0000
131.320,8.2953,-1.2474,10.0000,-17.2426,10.0000
131.370,8.4824,3.7422,10.0000,-17.1667,10.0000
131.420,8.4200,-1.2474,10.0000,-17.0877,10.0000
131.470,8.4824,1.2474,10.0000,-17.0118,10.0000
131.520,8.5447,1.2474,10.0000,-16.9391,10.0000
131.570,8.4824,-1.2474,10.0000,-16.8632,10.0000
131.620,8.6695,3.7422,10.0000,-16.7967,10.0000
131.670,8.6695,0.0000,10.0000,-16.7301,10.0000
131.720,8.7318,1.2474,10.0000,-16.6667,10.0000
131.770,8.7942,1.2474,10.0000,-16.6064,10.0000
131.820,8.7942,0.0000,10.0000,-16.5461,10.0000
131.870,8.9813,3.7422,10.0000,-16.4952,10.0000
131.920,8.8566,-2.4948,10.0000,-16.4380,10.0000
131.970,8.8566,0.0000,10.0000,-16.3809,10.0000
132.020,8.8566,0.0000,10.0000,-16.3237,10.0000
132.070,9.0437,3.7422,10.0000,-16.2759,10.0000
132.120,9.0437,0.0000,10.0000,-16.2281,10.0000
132.170,9.1684,2.4948,10.0000,-16.1865,10.0000
132.220,9.1684,0.0000,10.0000,-16.1449,10.0000
132.270,9.2308,1.2474,10.0000,-16.1064,10.0000
132.320,9.3555,2.4948,10.0000,-16.0742,10.0000
132.370,9.2308,-2.4948,10.0000,-16.0358,10.0000
132.420,9.4803,4.9896,10.0000,-16.0098,10.0000
132.470,9.4803,0.0000,10.0000,-15.9838,10.0000
132.520,9.5427,1.2474,10.0000,-15.9609,10.0000
132.570,9.6674,2.4948,10.0000,-15.9443,10.0000
132.620,9.4803,-3.7422,10.0000,-15.9183,10.0000
132.670,9.7298,4.9896,10.0000,-15.9048,10.0000
132.720,9.6674,-1.2474,10.0000,-15.8882,10.0000
132.770,9.8545,3.7422,10.0000,-15.8809,10.0000
132.820,9.9169,1.2474,10.0000,-15.8767,10.0000
132.870,9.7921,-2.4948,10.0000,-15.8663,10.0000
132.920,9.9169,2.4948,10.0000,-15.8622,10.0000
132.970,10.2287,6.2370,10.0000,-15.8736,10.0000
133.020,10.2287,0.0000,10.0000,-15.8851,10.0000
133.070,10.1040,-2.4948,10.0000,-15.8903,10.0000
133.120,10.2911,3.7422,10.0000,-15.9048,10.0000
133.170,10.2287,-1.2474,10.0000,-15.9163,10.0000
133.220,10.4158,3.7422,10.0000,-15.9370,10.0000
133.270,10.3535,-1.2474,10.0000,-15.9547,10.0000
133.320,10.2287,-2.4948,10.0000,-15.9662,10.0000
133.370,10.3535,2.4948,10.0000,-15.9838,10.0000
133.420,10.4782,2.4948,10.0000,-16.0077,10.0000
133.470,10.1664,-6.2370,10.0000,-16.0161,10.0000
133.520,10.4158,4.9896,10.0000,-16.0368,10.0000
133.570,10.4782,1.2474,10.0000,-16.0608,10.0000
133.620,10.5406,1.2474,10.0000,-16.0878,10.0000
133.670,10.4782,-1.2474,10.0000,-16.1117,10.0000
133.720,10.4158,-1.2474,10.0000,-16.1325,10.0000
133.770,10.4158,0.0000,10.0000,-16.1533,10.0000
133.820,10.2911,-2.4948,10.0000,-16.1678,10.0000
133.870,10.2911,0.0000,10.0000,-16.1824,10.0000
133.920,10.2287,-1.2474,10.0000,-16.1938,10.0000
133.970,10.2287,0.0000,10.0000,-16.2053,10.0000
134.020,10.1040,-2.4948,10.0000,-16.2105,10.0000
134.070,10.2287,2.4948,10.0000,-16.2219,10.0000
134.120,10.1664,-1.2474,10.0000,-16.2302,10.0000
134.170,10.1040,-1.2474,10.0000,-16.2354,10.0000
134.220,10.1664,1.2474,10.0000,-16.2437,10.0000
134.270,10.1664,0.0000,10.0000,-16.2521,10.0000
134.320,10.0416,-2.4948,10.0000,-16.2541,10.0000
134.370,10.1040,1.2474,10.0000,-16.2593,10.0000
134.420,10.1040,0.0000,10.0000,-16.2645,10.0000
134.470,10.2911,3.7422,10.0000,-16.2791,10.0000
134.520,10.1664,-2.4948,10.0000,-16.2874,10.0000
134.570,10.2287,1.2474,10.0000,-16.2988,10.0000
134.620,10.1040,-2.4948,10.0000,-16.3040,10.0000
134.670,10.1664,1.2474,10.0000,-16.3124,10.0000
134.720,10.1664,0.0000,10.0000,-16.3207,10.0000
134.770,10.2287,1.2474,10.0000,-16.3321,10.0000
134.820,10.2287,0.0000,10.0000,-16.3436,10.0000
134.870,10.1664,-1.2474,10.0000,-16.3519,10.0000
134.920,10.2911,2.4948,10.0000,-16.3664,10.0000
134.970,10.0416,-4.9896,10.0000,-16.3685,10.0000
135.020,10.2287,3.7422,10.0000,-16.3799,10.0000
135.070,10.1040,-2.4948,10.0000,-16.3851,10.0000
135.120,10.1040,0.0000,10.0000,-16.3903,10.0000
135.170,10.2911,3.7422,10.0000,-16.4049,10.0000
135.220,10.1664,-2.4948,10.0000,-16.4132,10.0000
135.270,10.2911,2.4948,10.0000,-16.4278,10.0000
135.320,10.1664,-2.4948,10.0000,-16.4361,10.0000
135.370,10.1664,0.0000,10.0000,-16.4444,10.0000
135.420,9.9792,-3.7422,10.0000,-16.4434,10.0000
135.470,10.1664,3.7422,10.0000,-16.4517,10.0000
135.520,10.1040,-1.2474,10.0000,-16.4569,10.0000
135.570,10.2287,2.4948,10.0000,-16.4683,10.0000
135.620,10.1040,-2.4948,10.0000,-16.4735,10.0000
135.670,10.1664,1.2474,10.0000,-16.4818,10.0000
135.720,10.2911,2.4948,10.0000,-16.4964,10.0000
135.770,10.1664,-2.4948,10.0000,-16.5047,10.0000
135.820,10.1664,0.0000,10.0000,-16.5130,10.0000
135.870,10.0416,-2.4948,10.0000,-16.5151,10.0000
135.920,10.1664,2.4948,10.0000,-16.5234,10.0000
135.970,10.1040,-1.2474,10.0000,-16.5286,10.0000
136.020,10.1040,0.0000,10.0000,-16.5338,10.0000
136.070,10.1664,1.2474,10.0000,-16.5422,10.0000
136.120,10.0416,-2.4948,10.0000,-16.5442,10.0000
136.170,10.1040,1.2474,10.0000,-16.5494,10.0000
136.220,10.1664,1.2474,10.0000,-16.5578,10.0000
136.270,10.1040,-1.2474,10.0000,-16.5630,10.0000
136.320,10.1664,1.2474,10.0000,-16.5713,10.0000
136.370,10.1040,-1.2474,10.0000,-16.5765,10.0000
136.420,10.2287,2.4948,10.0000,-16.5879,10.0000
136.470,10.1664,-1.2474,10.0000,-16.5962,10.0000
136.520,10.3535,3.7422,10.0000,-16.6139,10.0000
136.570,10.1664,-3.7422,10.0000,-16.6222,10.0000
136.620,10.1664,0.0000,10.0000,-16.6306,10.0000
136.670,10.1040,-1.2474,10.0000,-16.6358,10.0000
136.720,10.1664,1.2474,10.0000,-16.6441,10.0000
136.770,10.1664,0.0000,10.0000,-16.6524,10.0000
136.820,9.9792,-3.7422,10.0000,-16.6514,10.0000
136.870,10.1040,2.4948,10.0000,-16.6566,10.0000
136.920,10.1040,0.0000,10.0000,-16.6618,10.0000
136.970,10.2287,2.4948,10.0000,-16.6732,10.0000
137.020,10.3535,2.4948,10.0000,-16.6909,10.0000
137.070,10.1040,-4.9896,10.0000,-16.6961,10.0000
137.120,10.2911,3.7422,10.0000,-16.7106,10.0000
137.170,10.0416,-4.9896,10.0000,-16.7127,10.0000
137.220,10.1664,2.4948,10.0000,-16.7210,10.0000
137.270,10.3535,3.7422,10.0000,-16.7387,10.0000
137.320,10.2287,-2.4948,10.0000,-16.7501,10.0000
137.370,10.1664,-1.2474,10.0000,-16.7584,10.0000
137.420,10.1040,-1.2474,10.0000,-16.7636,10.0000
137.470,10.1040,0.0000,10.0000,-16.7688,10.0000
137.520,10.1040,0.0000,10.0000,-16.7740,10.0000
137.570,10.2287,2.4948,10.0000,-16.7855,10.0000
137.620,10.1664,-1.2474,10.0000,-16.7938,10.0000
137.670,10.0416,-2.4948,10.0000,-16.7959,10.0000
137.720,10.3535,6.2370,10.0000,-16.8136,10.0000
137.770,10.1664,-3.7422,10.0000,-16.8219,10.0000
137.820,10.2287,1.2474,10.0000,-16.8333,10.0000
137.870,10.1664,-1.2474,10.0000,-16.8416,10.0000
137.920,10.1664,0.0000,10.0000,-16.8500,10.0000
137.970,10.1040,-1.2474,10.0000,-16.8552,10.0000
138.020,10.2911,3.7422,10.0000,-16.8697,10.0000
138.070,10.1664,-2.4948,10.0000,-16.8780,10.0000
138.120,10.0416,-2.4948,10.0000,-16.8801,10.0000
138.170,10.2287,3.7422,10.0000,-16.8915,10.0000
138.220,10.2287,0.0000,10.0000,-16.9030,10.0000
138.270,10.1664,-1.2474,10.0000,-16.9113,10.0000
138.320,10.0416,-2.4948,10.0000,-16.9134,10.0000
138.370,10.0416,0.0000,10.0000,-16.9155,10.0000
138.420,10.1040,1.2474,10.0000,-16.9207,10.0000
138.470,10.1664,1.2474,10.0000,-16.9290,10.0000
138.520,10.2911,2.4948,10.0000,-16.9435,10.0000
138.570,10.1664,-2.4948,10.0000,-16.9519,10.0000
138.620,10.1040,-1.2474,10.0000,-16.9571,10.0000
138.670,9.9792,-2.4948,10.0000,-16.9560,10.0000
138.720,10.2287,4.9896,10.0000,-16.9674,10.0000
138.770,10.1040,-2.4948,10.0000,-16.9726,10.0000
138.820,10.2287,2.4948,10.0000,-16.9841,10.0000
138.870,10.1664,-1.2474,10.0000,-16.9924,10.0000
138.920,10.2287,1.2474,10.0000,-17.0038,10.0000
138.970,10.1040,-2.4948,10.0000,-17.0090,10.0000
139.020,10.1664,1.2474,10.0000,-17.0174,10.0000
139.070,10.2911,2.4948,10.0000,-17.0319,10.0000
139.120,10.2911,0.0000,10.0000,-17.0465,10.0000
139.170,10.1040,-3.7422,10.0000,-17.0517,10.0000
139.220,10.1664,1.2474,10.0000,-17.0600,10.0000
139.270,10.1664,0.0000,10.0000,-17.0683,10.0000
139.320,10.1664,0.0000,10.0000,-17.0766,10.0000
139.370,10.2287,1.2474,10.0000,-17.0881,10.0000
139.420,10.1040,-2.4948,10.0000,-17.0933,10.0000
139.470,10.2287,2.4948,10.0000,-17.1047,10.0000
139.520,10.1664,-1.2474,10.0000,-17.1130,10.0000
139.570,10.4158,4.9896,10.0000,-17.1338,10.0000
139.620,10.2911,-2.4948,10.0000,-17.1484,10.0000
139.670,10.2287,-1.2474,10.0000,-17.1598,10.0000
139.720,10.1664,-1.2474,10.0000,-17.1681,10.0000
139.770,9.9169,-4.9896,10.0000,-17.1640,10.0000
139.820,10.1040,3.7422,10.0000,-17.1692,10.0000
139.870,10.1040,0.0000,10.0000,-17.1744,10.0000
139.920,10.1664,1.2474,10.0000,-17.1827,10.0000
139.970,10.0416,-2.4948,10.0000,-17.1848,10.0000
140.020,9.9792,-1.2474,10.0000,-17.1837,10.0000
140.070,10.1664,3.7422,10.0000,-17.1920,10.0000
140.120,10.1664,0.0000,10.0000,-17.2004,10.0000
140.170,10.1664,0.0000,10.0000,-17.2087,10.0000
140.220,10.2287,1.2474,10.0000,-17.2201,10.0000
140.270,10.2287,0.0000,10.0000,-17.2316,10.0000
140.320,10.2287,0.0000,10.0000,-17.2430,10.0000
140.370,10.1664,-1.2474,10.0000,-17.2513,10.0000
140.420,10.2911,2.4948,10.0000,-17.2659,10.0000
140.470,10.2911,0.0000,10.0000,-17.2804,10.0000
140.520,10.1040,-3.7422,10.0000,-17.2856,10.0000
140.570,9.9792,-2.4948,10.0000,-17.2846,10.0000
140.620,10.1040,2.4948,10.0000,-17.2898,10.0000
140.670,10.2911,3.7422,10.0000,-17.3043,10.0000
140.720,10.1664,-2.4948,10.0000,-17.3127,10.0000
140.770,10.2287,1.2474,10.0000,-17.3241,10.0000
140.820,10.1664,-1.2474,10.0000,-17.3324,10.0000
140.870,10.1664,0.0000,10.0000,-17.3407,10.0000
140.920,10.1664,0.0000,10.0000,-17.3490,10.0000
140.970,10.1040,-1.2474,10.0000,-17.3542,10.0000
141.020,10.1040,0.0000,10.0000,-17.3594,10.0000
141.070,10.1040,0.0000,10.0000,-17.3646,10.0000
141.120,10.1664,1.2474,10.0000,-17.3730,10.0000
141.170,10.2287,1.2474,10.0000,-17.3844,10.0000
141.220,10.1040,-2.4948,10.0000,-17.3896,10.0000
141.270,10.2911,3.7422,10.0000,-17.4042,10.0000
141.320,10.2287,-1.2474,10.0000,-17.4156,10.0000
141.370,10.1664,-1.2474,10.0000,-17.4239,10.0000
141.420,10.0416,-2.4948,10.0000,-17.4260,10.0000
141.470,10.1664,2.4948,10.0000,-17.4343,10.0000
141.520,10.1664,0.0000,10.0000,-17.4426,10.0000
141.570,10.2287,1.2474,10.0000,-17.4541,10.0000
141.620,10.1664,-1.2474,10.0000,-17.4624,10.0000
141.670,10.2287,1.2474,10.0000,-17.4738,10.0000
141.720,10.2911,1.2474,10.0000,-17.4884,10.0000
141.770,10.1040,-3.7422,10.0000,-17.4936,10.0000
141.820,10.2911,3.7422,10.0000,-17.5081,10.0000
141.870,9.9792,-6.2370,10.0000,-17.5071,10.0000
141.920,10.1040,2.4948,10.0000,-17.5123,10.0000
141.970,10.0416,-1.2474,10.0000,-17.5144,10.0000
142.020,10.2287,3.7422,10.0000,-17.5258,10.0000
142.070,10.2911,1.2474,10.0000,-17.5404,10.0000
142.120,10.2911,0.0000,10.0000,-17.5549,10.0000
142.170,10.2287,-1.2474,10.0000,-17.5664,10.0000
142.220,10.2287,0.0000,10.0000,-17.5778,10.0000
142.270,10.2287,0.0000,10.0000,-17.5892,10.0000
142.320,10.1664,-1.2474,10.0000,-17.5975,10.0000
142.370,10.0416,-2.4948,10.0000,-17.5996,10.0000
142.420,10.1664,2.4948,10.0000,-17.6079,10.0000
142.470,10.1664,0.0000,10.0000,-17.6163,10.0000
142.520,10.2287,1.2474,10.0000,-17.6277,10.0000
142.570,10.2287,0.0000,10.0000,-17.6391,10.0000
142.620,10.1040,-2.4948,10.0000,-17.6443,10.0000
142.670,10.1664,1.2474,10.0000,-17.6527,10.0000
142.720,10.2911,2.4948,10.0000,-17.6672,10.0000
142.770,10.1664,-2.4948,10.0000,-17.6755,10.0000
142.820,9.9792,-3.7422,10.0000,-17.6745,10.0000
142.870,9.9169,-1.2474,10.0000,-17.6703,10.0000
142.920,10.0416,2.4948,10.0000,-17.6724,10.0000
142.970,10.1664,2.4948,10.0000,-17.6807,10.0000
143.020,10.0416,-2.4948,10.0000,-17.6828,10.0000
143.070,10.2287,3.7422,10.0000,-17.6942,10.0000
143.120,10.3535,2.4948,10.0000,-17.7119,10.0000
143.170,10.2287,-2.4948,10.0000,-17.7234,10.0000
143.220,10.1664,-1.2474,10.0000,-17.7317,10.0000
143.270,10.2911,2.4948,10.0000,-17.7462,10.0000
143.320,10.1040,-3.7422,10.0000,-17.7514,10.0000
143.370,10.1664,1.2474,10.0000,-17.7598,10.0000
143.420,9.9792,-3.7422,10.0000,-17.7587,10.0000
143.470,10.1040,2.4948,10.0000,-17.7639,10.0000
143.520,10.3535,4.9896,10.0000,-17.7816,10.0000
143.570,9.9792,-7.4844,10.0000,-17.7805,10.0000
143.620,10.3535,7.4844,10.0000,-17.7982,10.0000
143.670,10.2911,-1.2474,10.0000,-17.8128,10.0000
143.720,10.0416,-4.9896,10.0000,-17.8149,10.0000
143.770,10.1664,2.4948,10.0000,-17.8232,10.0000
143.820,10.2911,2.4948,10.0000,-17.8377,10.0000
143.870,10.1040,-3.7422,10.0000,-17.8429,10.0000
143.920,10.1040,0.0000,10.0000,-17.8481,10.0000
143.970,10.1040,0.0000,10.0000,-17.8533,10.0000
144.020,10.1040,0.0000,10.0000,-17.8585,10.0000
144.070,9.9792,-2.4948,10.0000,-17.8575,10.0000
144.120,10.1040,2.4948,10.0000,-17.8627,10.0000
144.170,10.1040,0.0000,10.0000,-17.8679,10.0000
144.220,9.9792,-2.4948,10.0000,-17.8669,10.0000
144.270,10.4158,8.7318,10.0000,-17.8876,10.0000
144.320,10.1040,-6.2370,10.0000,-17.8928,10.0000
144.370,10.1664,1.2474,10.0000,-17.9012,10.0000
144.420,10.2287,1.2474,10.0000,-17.9126,10.0000
144.470,10.2911,1.2474,10.0000,-17.9272,10.0000
144.520,10.1040,-3.7422,10.0000,-17.9324,10.0000
144.570,10.2911,3.7422,10.0000,-17.9469,10.0000
144.620,10.0416,-4.9896,10.0000,-17.9490,10.0000
144.670,10.1040,1.2474,10.0000,-17.9542,10.0000
144.720,10.1664,1.2474,10.0000,-17.9625,10.0000
144.770,10.0416,-2.4948,10.0000,-17.9646,10.0000
144.820,10.0416,0.0000,10.0000,-17.9667,10.0000
144.870,10.0416,0.0000,10.0000,-17.9687,10.0000
144.920,10.3535,6.2370,10.0000,-17.9864,10.0000
144.970,10.1040,-4.9896,10.0000,-17.9916,10.0000
145.020,10.1664,1.2474,10.0000,-17.9999,10.0000
145.070,10.1040,-1.2474,10.0000,-18.0051,10.0000
145.120,10.4158,6.2370,10.0000,-18.0259,10.0000
145.170,10.1664,-4.9896,10.0000,-18.0343,10.0000
145.220,10.0416,-2.4948,10.0000,-18.0363,10.0000
145.270,10.2911,4.9896,10.0000,-18.0509,10.0000
145.320,10.2287,-1.2474,10.0000,-18.0623,10.0000
145.370,10.1040,-2.4948,10.0000,-18.0675,10.0000
145.420,10.2911,3.7422,10.0000,-18.0821,10.0000
145.470,10.1664,-2.4948,10.0000,-18.0904,10.0000
145.520,10.1040,-1.2474,10.0000,-18.0956,10.0000
145.570,10.2287,2.4948,10.0000,-18.1070,10.0000
145.620,10.0416,-3.7422,10.0000,-18.1091,10.0000
145.670,10.0416,0.0000,10.0000,-18.1112,10.0000
145.720,10.1040,1.2474,10.0000,-18.1164,10.0000
145.770,10.2911,3.7422,10.0000,-18.1309,10.0000
145.820,10.1664,-2.4948,10.0000,-18.1393,10.0000
145.870,10.1664,0.0000,10.0000,-18.1476,10.0000
145.920,10.1040,-1.2474,10.0000,-18.1528,10.0000
145.970,10.2911,3.7422,10.0000,-18.1673,10.0000
146.020,10.0416,-4.9896,10.0000,-18.1694,10.0000
146.070,10.1664,2.4948,10.0000,-18.1777,10.0000
146.120,10.0416,-2.4948,10.0000,-18.1798,10.0000
146.170,10.2287,3.7422,10.0000,-18.1913,10.0000
146.220,10.1664,-1.2474,10.0000,-18.1996,10.0000
146.270,10.1664,0.0000,10.0000,-18.2079,10.0000
146.320,10.0416,-2.4948,10.0000,-18.2100,10.0000
